/*
 Navicat Premium Dump SQL

 Source Server         : 本机
 Source Server Type    : MySQL
 Source Server Version : 90400 (9.4.0)
 Source Host           : localhost:3306
 Source Schema         : banana_slides

 Target Server Type    : MySQL
 Target Server Version : 90400 (9.4.0)
 File Encoding         : 65001

 Date: 03/02/2026 09:20:20
*/

SET NAMES utf8mb4;
SET FOREIGN_KEY_CHECKS = 0;

-- ----------------------------
-- Table structure for alembic_version
-- ----------------------------
DROP TABLE IF EXISTS `alembic_version`;
CREATE TABLE `alembic_version` (
  `version_num` varchar(255) CHARACTER SET utf8mb4 COLLATE utf8mb4_general_ci DEFAULT NULL
) ENGINE=InnoDB DEFAULT CHARSET=utf8mb4 COLLATE=utf8mb4_general_ci ROW_FORMAT=DYNAMIC;

-- ----------------------------
-- Records of alembic_version
-- ----------------------------
BEGIN;
INSERT INTO `alembic_version` (`version_num`) VALUES ('006_add_export_settings');
INSERT INTO `alembic_version` (`version_num`) VALUES ('007_html_rendering');
COMMIT;

-- ----------------------------
-- Table structure for materials
-- ----------------------------
DROP TABLE IF EXISTS `materials`;
CREATE TABLE `materials` (
  `id` varchar(255) CHARACTER SET utf8mb4 COLLATE utf8mb4_general_ci DEFAULT NULL,
  `project_id` varchar(255) CHARACTER SET utf8mb4 COLLATE utf8mb4_general_ci DEFAULT NULL,
  `filename` varchar(255) CHARACTER SET utf8mb4 COLLATE utf8mb4_general_ci DEFAULT NULL,
  `relative_path` varchar(255) CHARACTER SET utf8mb4 COLLATE utf8mb4_general_ci DEFAULT NULL,
  `url` varchar(255) CHARACTER SET utf8mb4 COLLATE utf8mb4_general_ci DEFAULT NULL,
  `created_at` datetime DEFAULT NULL,
  `updated_at` datetime DEFAULT NULL,
  `user_id` int DEFAULT NULL
) ENGINE=InnoDB DEFAULT CHARSET=utf8mb4 COLLATE=utf8mb4_general_ci ROW_FORMAT=DYNAMIC;

-- ----------------------------
-- Records of materials
-- ----------------------------
BEGIN;
INSERT INTO `materials` (`id`, `project_id`, `filename`, `relative_path`, `url`, `created_at`, `updated_at`, `user_id`) VALUES ('0b542fad-f229-4641-a282-5242be38a3c0', NULL, 'material_1768984558745.png', 'materials/material_1768984558745.png', '/files/materials/material_1768984558745.png', '2026-01-21 08:35:58', '2026-01-21 08:35:58', NULL);
INSERT INTO `materials` (`id`, `project_id`, `filename`, `relative_path`, `url`, `created_at`, `updated_at`, `user_id`) VALUES ('10f893e5-f341-4bd0-91d2-8611e12b6d93', NULL, 'material_1768984653733.png', 'materials/material_1768984653733.png', '/files/materials/material_1768984653733.png', '2026-01-21 08:37:33', '2026-01-21 08:37:33', NULL);
INSERT INTO `materials` (`id`, `project_id`, `filename`, `relative_path`, `url`, `created_at`, `updated_at`, `user_id`) VALUES ('63086d7a-a65e-4617-a3c6-bbf34cccc3e0', NULL, '20260121145621_1769131461970.png', 'materials\\20260121145621_1769131461970.png', '/files/materials/20260121145621_1769131461970.png', '2026-01-23 01:24:21', '2026-01-23 01:24:21', NULL);
INSERT INTO `materials` (`id`, `project_id`, `filename`, `relative_path`, `url`, `created_at`, `updated_at`, `user_id`) VALUES ('ad87a14f-05bd-4576-a7aa-bb86d7b3bffc', NULL, 'material_1769131926249.png', 'materials/material_1769131926249.png', '/files/materials/material_1769131926249.png', '2026-01-23 01:32:06', '2026-01-23 01:32:06', 1);
INSERT INTO `materials` (`id`, `project_id`, `filename`, `relative_path`, `url`, `created_at`, `updated_at`, `user_id`) VALUES ('9a5aa9a1-15e4-4c81-a9f9-a6687b131a8f', 'f015d5f9-61e5-4e5a-ab5c-03f0d21b11c6', 'material_1769134147266.png', 'f015d5f9-61e5-4e5a-ab5c-03f0d21b11c6/materials/material_1769134147266.png', '/files/f015d5f9-61e5-4e5a-ab5c-03f0d21b11c6/materials/material_1769134147266.png', '2026-01-23 02:09:07', '2026-01-23 02:09:07', NULL);
INSERT INTO `materials` (`id`, `project_id`, `filename`, `relative_path`, `url`, `created_at`, `updated_at`, `user_id`) VALUES ('41cf21af-ada8-47f9-94e4-e09597fea430', NULL, '20260121145621_1769148614080.png', 'materials\\20260121145621_1769148614080.png', '/files/materials/20260121145621_1769148614080.png', '2026-01-23 14:10:14', '2026-01-23 14:10:14', 1);
INSERT INTO `materials` (`id`, `project_id`, `filename`, `relative_path`, `url`, `created_at`, `updated_at`, `user_id`) VALUES ('9b1d5d77-ad11-4b30-bae5-3ca269000134', NULL, '20260121145621_1769148631092.png', 'materials\\20260121145621_1769148631092.png', '/files/materials/20260121145621_1769148631092.png', '2026-01-23 14:10:31', '2026-01-23 14:10:31', 1);
INSERT INTO `materials` (`id`, `project_id`, `filename`, `relative_path`, `url`, `created_at`, `updated_at`, `user_id`) VALUES ('d3e9b723-688e-444a-85a9-4b22d7701caa', NULL, '20260121145621_1769148800145.png', 'materials\\20260121145621_1769148800145.png', '/files/materials/20260121145621_1769148800145.png', '2026-01-23 14:13:20', '2026-01-23 14:13:20', 2);
INSERT INTO `materials` (`id`, `project_id`, `filename`, `relative_path`, `url`, `created_at`, `updated_at`, `user_id`) VALUES ('eb155ca4-5ae0-4a6f-8396-231a093a5729', NULL, '20260121145621_1769149722772.png', 'materials\\20260121145621_1769149722772.png', '/files/materials/20260121145621_1769149722772.png', '2026-01-23 14:28:42', '2026-01-23 14:28:42', 3);
COMMIT;

-- ----------------------------
-- Table structure for page_image_versions
-- ----------------------------
DROP TABLE IF EXISTS `page_image_versions`;
CREATE TABLE `page_image_versions` (
  `id` varchar(255) CHARACTER SET utf8mb4 COLLATE utf8mb4_general_ci DEFAULT NULL,
  `page_id` varchar(255) CHARACTER SET utf8mb4 COLLATE utf8mb4_general_ci DEFAULT NULL,
  `image_path` varchar(255) CHARACTER SET utf8mb4 COLLATE utf8mb4_general_ci DEFAULT NULL,
  `version_number` varchar(255) CHARACTER SET utf8mb4 COLLATE utf8mb4_general_ci DEFAULT NULL,
  `is_current` varchar(255) CHARACTER SET utf8mb4 COLLATE utf8mb4_general_ci DEFAULT NULL,
  `created_at` varchar(255) CHARACTER SET utf8mb4 COLLATE utf8mb4_general_ci DEFAULT NULL
) ENGINE=InnoDB DEFAULT CHARSET=utf8mb4 COLLATE=utf8mb4_general_ci ROW_FORMAT=DYNAMIC;

-- ----------------------------
-- Records of page_image_versions
-- ----------------------------
BEGIN;
INSERT INTO `page_image_versions` (`id`, `page_id`, `image_path`, `version_number`, `is_current`, `created_at`) VALUES ('6fb6674d-6414-4cc4-83a1-efd6d701518a', '907a7795-367a-4aac-b8f7-9eb0ea984a20', 'ad84d2a7-76cd-487f-b9a5-96bd34134b02/pages/907a7795-367a-4aac-b8f7-9eb0ea984a20_v1.png', '1', '1', '2026-01-19 02:18:50.500692');
INSERT INTO `page_image_versions` (`id`, `page_id`, `image_path`, `version_number`, `is_current`, `created_at`) VALUES ('af10cc70-369b-4999-9642-ef128600d4ac', '479563c9-4528-49a3-af27-c53edbe18e86', 'ad84d2a7-76cd-487f-b9a5-96bd34134b02/pages/479563c9-4528-49a3-af27-c53edbe18e86_v1.png', '1', '1', '2026-01-19 02:18:50.698115');
INSERT INTO `page_image_versions` (`id`, `page_id`, `image_path`, `version_number`, `is_current`, `created_at`) VALUES ('cf50f5b0-bce1-4a07-aec8-13822f800800', '17f25d0a-3d19-4dd5-a6c6-116366af0380', 'ad84d2a7-76cd-487f-b9a5-96bd34134b02/pages/17f25d0a-3d19-4dd5-a6c6-116366af0380_v1.png', '1', '1', '2026-01-19 02:18:50.924373');
INSERT INTO `page_image_versions` (`id`, `page_id`, `image_path`, `version_number`, `is_current`, `created_at`) VALUES ('55ffa13d-863d-482c-859e-cd3fc3f00ad7', '375197f6-7360-465a-bbaf-3e45efa7d2ae', 'ad84d2a7-76cd-487f-b9a5-96bd34134b02/pages/375197f6-7360-465a-bbaf-3e45efa7d2ae_v1.png', '1', '1', '2026-01-19 02:19:15.539987');
INSERT INTO `page_image_versions` (`id`, `page_id`, `image_path`, `version_number`, `is_current`, `created_at`) VALUES ('df29421b-03aa-4c92-a850-b42a828a36ff', '0af8efbe-6d47-41f8-8d91-123324a773e1', 'ad84d2a7-76cd-487f-b9a5-96bd34134b02/pages/0af8efbe-6d47-41f8-8d91-123324a773e1_v1.png', '1', '1', '2026-01-19 02:19:15.740154');
INSERT INTO `page_image_versions` (`id`, `page_id`, `image_path`, `version_number`, `is_current`, `created_at`) VALUES ('f747fd84-8d5f-4a39-b0c7-f1f71d3bd66a', 'db5ff01e-d6bb-4dfc-878b-0cfea9f82185', 'ad84d2a7-76cd-487f-b9a5-96bd34134b02/pages/db5ff01e-d6bb-4dfc-878b-0cfea9f82185_v1.png', '1', '1', '2026-01-19 02:19:15.967937');
INSERT INTO `page_image_versions` (`id`, `page_id`, `image_path`, `version_number`, `is_current`, `created_at`) VALUES ('51dda039-e019-4de2-9a19-a2d111afff4b', '2112cc7c-6fab-45db-9d65-9217cea04f78', 'ad84d2a7-76cd-487f-b9a5-96bd34134b02/pages/2112cc7c-6fab-45db-9d65-9217cea04f78_v1.png', '1', '1', '2026-01-19 02:19:16.289683');
INSERT INTO `page_image_versions` (`id`, `page_id`, `image_path`, `version_number`, `is_current`, `created_at`) VALUES ('497ebf41-73ba-46f6-bb17-d553aa5e8994', '33e742f1-9b52-4c73-b971-240c38aeb054', 'ad84d2a7-76cd-487f-b9a5-96bd34134b02/pages/33e742f1-9b52-4c73-b971-240c38aeb054_v1.png', '1', '1', '2026-01-19 02:19:16.509657');
INSERT INTO `page_image_versions` (`id`, `page_id`, `image_path`, `version_number`, `is_current`, `created_at`) VALUES ('c03ec297-3461-428e-ba08-0ea1bdec68aa', '7f58f4f8-15d1-4540-afb8-0d73089c0d0b', 'ad84d2a7-76cd-487f-b9a5-96bd34134b02/pages/7f58f4f8-15d1-4540-afb8-0d73089c0d0b_v1.png', '1', '1', '2026-01-19 02:20:01.053070');
INSERT INTO `page_image_versions` (`id`, `page_id`, `image_path`, `version_number`, `is_current`, `created_at`) VALUES ('81b4701f-f3b6-4ed9-a50f-e74fe0b2bad4', 'e6cdb238-2ff7-4160-9db5-9d17d025add4', 'ad84d2a7-76cd-487f-b9a5-96bd34134b02/pages/e6cdb238-2ff7-4160-9db5-9d17d025add4_v1.png', '1', '1', '2026-01-19 02:20:14.586120');
INSERT INTO `page_image_versions` (`id`, `page_id`, `image_path`, `version_number`, `is_current`, `created_at`) VALUES ('93e7f17a-de23-49d5-aab7-de64d8e99c5c', 'e24c07fa-97d1-415f-a0dd-e5584c3f4a10', 'ad84d2a7-76cd-487f-b9a5-96bd34134b02/pages/e24c07fa-97d1-415f-a0dd-e5584c3f4a10_v1.png', '1', '1', '2026-01-19 02:20:40.871971');
INSERT INTO `page_image_versions` (`id`, `page_id`, `image_path`, `version_number`, `is_current`, `created_at`) VALUES ('450e871b-9277-4485-a82e-c2cdfa78caec', '46e26343-fee7-4e8b-bc89-67711205a86a', 'ad84d2a7-76cd-487f-b9a5-96bd34134b02/pages/46e26343-fee7-4e8b-bc89-67711205a86a_v1.png', '1', '1', '2026-01-19 02:20:41.446807');
INSERT INTO `page_image_versions` (`id`, `page_id`, `image_path`, `version_number`, `is_current`, `created_at`) VALUES ('58d2249d-a3c4-43e0-be1a-879c3185edd0', '88cd652d-04f5-42ad-b981-14e76de2d5ef', 'ad84d2a7-76cd-487f-b9a5-96bd34134b02/pages/88cd652d-04f5-42ad-b981-14e76de2d5ef_v1.png', '1', '1', '2026-01-19 02:21:09.329773');
COMMIT;

-- ----------------------------
-- Table structure for pages
-- ----------------------------
DROP TABLE IF EXISTS `pages`;
CREATE TABLE `pages` (
  `id` varchar(255) CHARACTER SET utf8mb4 COLLATE utf8mb4_general_ci DEFAULT NULL,
  `project_id` varchar(255) CHARACTER SET utf8mb4 COLLATE utf8mb4_general_ci DEFAULT NULL,
  `order_index` varchar(255) CHARACTER SET utf8mb4 COLLATE utf8mb4_general_ci DEFAULT NULL,
  `part` varchar(255) CHARACTER SET utf8mb4 COLLATE utf8mb4_general_ci DEFAULT NULL,
  `outline_content` varchar(255) CHARACTER SET utf8mb4 COLLATE utf8mb4_general_ci DEFAULT NULL,
  `description_content` varchar(255) CHARACTER SET utf8mb4 COLLATE utf8mb4_general_ci DEFAULT NULL,
  `generated_image_path` varchar(255) CHARACTER SET utf8mb4 COLLATE utf8mb4_general_ci DEFAULT NULL,
  `status` varchar(255) CHARACTER SET utf8mb4 COLLATE utf8mb4_general_ci DEFAULT NULL,
  `created_at` varchar(255) CHARACTER SET utf8mb4 COLLATE utf8mb4_general_ci DEFAULT NULL,
  `updated_at` varchar(255) CHARACTER SET utf8mb4 COLLATE utf8mb4_general_ci DEFAULT NULL,
  `layout_id` varchar(50) COLLATE utf8mb4_general_ci DEFAULT NULL,
  `html_model` text COLLATE utf8mb4_general_ci
) ENGINE=InnoDB DEFAULT CHARSET=utf8mb4 COLLATE=utf8mb4_general_ci ROW_FORMAT=DYNAMIC;

-- ----------------------------
-- Records of pages
-- ----------------------------
BEGIN;
INSERT INTO `pages` (`id`, `project_id`, `order_index`, `part`, `outline_content`, `description_content`, `generated_image_path`, `status`, `created_at`, `updated_at`, `layout_id`, `html_model`) VALUES ('17f25d0a-3d19-4dd5-a6c6-116366af0380', 'ad84d2a7-76cd-487f-b9a5-96bd34134b02', '0', 'Part 1: 介绍', '{\"title\": \"3D打印技术\", \"points\": [\"副标题：3D打印技术的发展与应用\", \"演讲者：待填写\"]}', '{\"text\": \"页面标题：3D打印技术\\n副标题：3D打印技术的发展与应用\\n演讲者：待填写\", \"generated_at\": \"2026-01-19T02:16:56.349118\"}', 'ad84d2a7-76cd-487f-b9a5-96bd34134b02/pages/17f25d0a-3d19-4dd5-a6c6-116366af0380_v1.png', 'COMPLETED', '2026-01-19 02:16:48.355931', '2026-01-19 02:18:50.923147', NULL, NULL);
INSERT INTO `pages` (`id`, `project_id`, `order_index`, `part`, `outline_content`, `description_content`, `generated_image_path`, `status`, `created_at`, `updated_at`, `layout_id`, `html_model`) VALUES ('907a7795-367a-4aac-b8f7-9eb0ea984a20', 'ad84d2a7-76cd-487f-b9a5-96bd34134b02', '1', 'Part 1: 介绍', '{\"title\": \"本次演讲概览\", \"points\": [\"目标与要点：了解原理、材料、应用与挑战\", \"演讲结构：技术原理、材料、应用、挑战、未来趋势\"]}', '{\"text\": \"页面标题：本次演讲概览\\n\\n页面文字：\\n- 目标与要点：了解原理、材料、应用与挑战\\n- 演讲结构：技术原理、材料、应用、挑战、未来趋势\", \"generated_at\": \"2026-01-19T02:16:59.124623\"}', 'ad84d2a7-76cd-487f-b9a5-96bd34134b02/pages/907a7795-367a-4aac-b8f7-9eb0ea984a20_v1.png', 'COMPLETED', '2026-01-19 02:16:48.355952', '2026-01-19 02:18:50.493540', NULL, NULL);
INSERT INTO `pages` (`id`, `project_id`, `order_index`, `part`, `outline_content`, `description_content`, `generated_image_path`, `status`, `created_at`, `updated_at`, `layout_id`, `html_model`) VALUES ('375197f6-7360-465a-bbaf-3e45efa7d2ae', 'ad84d2a7-76cd-487f-b9a5-96bd34134b02', '2', 'Part 2: 背景与原理', '{\"title\": \"3D打印的定义与发展\", \"points\": [\"定义：逐层增材制造\", \"简史：从快速成型到广泛应用\"]}', '{\"text\": \"页面标题：3D打印的定义与发展\\n\\n页面文字：\\n- 定义：逐层堆叠增加物料形成实体零件\\n- 简史：从快速成型起步到如今广泛应用\", \"generated_at\": \"2026-01-19T02:17:01.079679\"}', 'ad84d2a7-76cd-487f-b9a5-96bd34134b02/pages/375197f6-7360-465a-bbaf-3e45efa7d2ae_v1.png', 'COMPLETED', '2026-01-19 02:16:48.355967', '2026-01-19 02:19:15.536824', NULL, NULL);
INSERT INTO `pages` (`id`, `project_id`, `order_index`, `part`, `outline_content`, `description_content`, `generated_image_path`, `status`, `created_at`, `updated_at`, `layout_id`, `html_model`) VALUES ('2112cc7c-6fab-45db-9d65-9217cea04f78', 'ad84d2a7-76cd-487f-b9a5-96bd34134b02', '3', 'Part 2: 背景与原理', '{\"title\": \"工作流程与原理\", \"points\": [\"设计/建模\", \"切片\", \"打印执行\", \"后处理\"]}', '{\"text\": \"页面标题：工作流程与原理\\n\\n页面文字：\\n- 设计/建模：用CAD工具创建可打印的三维模型\\n- 切片：将模型切分为逐层的打印路径与参数\\n- 打印执行：设备依据路径逐层沉积或固化成形\\n- 后处理：去除支撑、打磨、清洁与表面优化\", \"generated_at\": \"2026-01-19T02:17:03.346686\"}', 'ad84d2a7-76cd-487f-b9a5-96bd34134b02/pages/2112cc7c-6fab-45db-9d65-9217cea04f78_v1.png', 'COMPLETED', '2026-01-19 02:16:48.355981', '2026-01-19 02:19:16.288349', NULL, NULL);
INSERT INTO `pages` (`id`, `project_id`, `order_index`, `part`, `outline_content`, `description_content`, `generated_image_path`, `status`, `created_at`, `updated_at`, `layout_id`, `html_model`) VALUES ('33e742f1-9b52-4c73-b971-240c38aeb054', 'ad84d2a7-76cd-487f-b9a5-96bd34134b02', '4', 'Part 3: 打印技术与材料', '{\"title\": \"核心打印技术\", \"points\": [\"FDM（熔融沉积成型）\", \"SLA/DLP（光固化）\", \"金属3D打印（SLM/DMP）\", \"多材料与混合工艺\"]}', '{\"text\": \"页面标题：核心打印技术\\n\\n页面文字：\\n- 热塑材料挤出逐层成型，成本低且易上手\\n- 光敏树脂固化成型，精度高，表面光滑\\n- 金属粉末逐层堆积烧结，强度高，成本高\\n- 多材料打印与混合工艺，拓展性能与功能\", \"generated_at\": \"2026-01-19T02:17:06.862754\"}', 'ad84d2a7-76cd-487f-b9a5-96bd34134b02/pages/33e742f1-9b52-4c73-b971-240c38aeb054_v1.png', 'COMPLETED', '2026-01-19 02:16:48.355994', '2026-01-19 02:19:16.508373', NULL, NULL);
INSERT INTO `pages` (`id`, `project_id`, `order_index`, `part`, `outline_content`, `description_content`, `generated_image_path`, `status`, `created_at`, `updated_at`, `layout_id`, `html_model`) VALUES ('0af8efbe-6d47-41f8-8d91-123324a773e1', 'ad84d2a7-76cd-487f-b9a5-96bd34134b02', '5', 'Part 3: 打印技术与材料', '{\"title\": \"材料类型与性能\", \"points\": [\"热塑性塑料、光敏树脂、金属粉末等\", \"力学性能、表面质量、热稳定性\"]}', '{\"text\": \"页面标题：材料类型与性能\\n\\n页面文字：\\n- 热塑性塑料、光敏树脂、金属粉末等材料\\n- 力学性能、表面光洁度、热稳定性\", \"generated_at\": \"2026-01-19T02:17:04.402233\"}', 'ad84d2a7-76cd-487f-b9a5-96bd34134b02/pages/0af8efbe-6d47-41f8-8d91-123324a773e1_v1.png', 'COMPLETED', '2026-01-19 02:16:48.356008', '2026-01-19 02:19:15.738553', NULL, NULL);
INSERT INTO `pages` (`id`, `project_id`, `order_index`, `part`, `outline_content`, `description_content`, `generated_image_path`, `status`, `created_at`, `updated_at`, `layout_id`, `html_model`) VALUES ('db5ff01e-d6bb-4dfc-878b-0cfea9f82185', 'ad84d2a7-76cd-487f-b9a5-96bd34134b02', '6', 'Part 4: 应用领域', '{\"title\": \"制造与原型设计\", \"points\": [\"快速原型、定制化零件\"]}', '{\"text\": \"页面标题：制造与原型设计\\n\\n页面文字：\\n- 快速原型设计加速产品迭代与优化\\n- 定制化零件实现个性化与快速维护\", \"generated_at\": \"2026-01-19T02:17:08.010523\"}', 'ad84d2a7-76cd-487f-b9a5-96bd34134b02/pages/db5ff01e-d6bb-4dfc-878b-0cfea9f82185_v1.png', 'COMPLETED', '2026-01-19 02:16:48.356027', '2026-01-19 02:19:15.966776', NULL, NULL);
INSERT INTO `pages` (`id`, `project_id`, `order_index`, `part`, `outline_content`, `description_content`, `generated_image_path`, `status`, `created_at`, `updated_at`, `layout_id`, `html_model`) VALUES ('479563c9-4528-49a3-af27-c53edbe18e86', 'ad84d2a7-76cd-487f-b9a5-96bd34134b02', '7', 'Part 4: 应用领域', '{\"title\": \"行业应用案例\", \"points\": [\"医疗、航空、教育等领域的应用示例\"]}', '{\"text\": \"页面标题：行业应用案例\\n\\n页面文字：\\n- 医疗领域定制化解剖模型与手术导板应用\\n- 航空领域定制化部件与轻量化件设计\\n- 教育领域教学模型与动手实践平台\", \"generated_at\": \"2026-01-19T02:17:07.352899\"}', 'ad84d2a7-76cd-487f-b9a5-96bd34134b02/pages/479563c9-4528-49a3-af27-c53edbe18e86_v1.png', 'COMPLETED', '2026-01-19 02:16:48.356040', '2026-01-19 02:18:50.697031', NULL, NULL);
INSERT INTO `pages` (`id`, `project_id`, `order_index`, `part`, `outline_content`, `description_content`, `generated_image_path`, `status`, `created_at`, `updated_at`, `layout_id`, `html_model`) VALUES ('e24c07fa-97d1-415f-a0dd-e5584c3f4a10', 'ad84d2a7-76cd-487f-b9a5-96bd34134b02', '8', 'Part 4: 应用领域', '{\"title\": \"创新设计与案例\", \"points\": [\"成功案例与设计思路\"]}', '{\"text\": \"页面标题：创新设计与案例\\n\\n页面文字：\\n- 成功案例分析与核心设计思路启示\", \"generated_at\": \"2026-01-19T02:17:10.841745\"}', 'ad84d2a7-76cd-487f-b9a5-96bd34134b02/pages/e24c07fa-97d1-415f-a0dd-e5584c3f4a10_v1.png', 'COMPLETED', '2026-01-19 02:16:48.356053', '2026-01-19 02:20:40.870947', NULL, NULL);
INSERT INTO `pages` (`id`, `project_id`, `order_index`, `part`, `outline_content`, `description_content`, `generated_image_path`, `status`, `created_at`, `updated_at`, `layout_id`, `html_model`) VALUES ('7f58f4f8-15d1-4540-afb8-0d73089c0d0b', 'ad84d2a7-76cd-487f-b9a5-96bd34134b02', '9', 'Part 5: 挑战、伦理与法规', '{\"title\": \"技术挑战与瓶颈\", \"points\": [\"材料局限、成本、打印速度、尺寸限制\"]}', '{\"text\": \"页面标题：技术挑战与瓶颈\\n\\n页面文字：\\n- 材料局限、成本与速度及尺寸限制是核心瓶颈\", \"generated_at\": \"2026-01-19T02:17:11.103826\"}', 'ad84d2a7-76cd-487f-b9a5-96bd34134b02/pages/7f58f4f8-15d1-4540-afb8-0d73089c0d0b_v1.png', 'COMPLETED', '2026-01-19 02:16:48.356066', '2026-01-19 02:20:01.050814', NULL, NULL);
INSERT INTO `pages` (`id`, `project_id`, `order_index`, `part`, `outline_content`, `description_content`, `generated_image_path`, `status`, `created_at`, `updated_at`, `layout_id`, `html_model`) VALUES ('46e26343-fee7-4e8b-bc89-67711205a86a', 'ad84d2a7-76cd-487f-b9a5-96bd34134b02', '10', 'Part 5: 挑战、伦理与法规', '{\"title\": \"伦理与法规\", \"points\": [\"知识产权、安全与合规、数据隐私\"]}', '{\"text\": \"页面标题：伦理与法规\\n\\n页面文字：\\n- 知识产权保护与合理授权机制建立\\n- 数据隐私保护、信息安全与治理要点\\n- 安全合规、材料追溯与责任划分要点\\n- 伦理风险评估、法规遵循与审计机制\", \"generated_at\": \"2026-01-19T02:17:19.608118\"}', 'ad84d2a7-76cd-487f-b9a5-96bd34134b02/pages/46e26343-fee7-4e8b-bc89-67711205a86a_v1.png', 'COMPLETED', '2026-01-19 02:16:48.356080', '2026-01-19 02:20:41.445778', NULL, NULL);
INSERT INTO `pages` (`id`, `project_id`, `order_index`, `part`, `outline_content`, `description_content`, `generated_image_path`, `status`, `created_at`, `updated_at`, `layout_id`, `html_model`) VALUES ('e6cdb238-2ff7-4160-9db5-9d17d025add4', 'ad84d2a7-76cd-487f-b9a5-96bd34134b02', '11', 'Part 6: 未来趋势与总结', '{\"title\": \"未来趋势\", \"points\": [\"多材料与多工艺并存\", \"大规模工业应用\", \"绿色制造与循环经济\"]}', '{\"text\": \"页面标题：未来趋势\\n\\n页面文字：\\n- 多材料与多工艺并存，提升设计灵活性\\n- 大规模工业应用正在兴起\\n- 绿色制造与循环经济推动可持续\", \"generated_at\": \"2026-01-19T02:17:12.634130\"}', 'ad84d2a7-76cd-487f-b9a5-96bd34134b02/pages/e6cdb238-2ff7-4160-9db5-9d17d025add4_v1.png', 'COMPLETED', '2026-01-19 02:16:48.356093', '2026-01-19 02:20:14.583056', NULL, NULL);
INSERT INTO `pages` (`id`, `project_id`, `order_index`, `part`, `outline_content`, `description_content`, `generated_image_path`, `status`, `created_at`, `updated_at`, `layout_id`, `html_model`) VALUES ('88cd652d-04f5-42ad-b981-14e76de2d5ef', 'ad84d2a7-76cd-487f-b9a5-96bd34134b02', '12', 'Part 6: 未来趋势与总结', '{\"title\": \"学习要点与下一步\", \"points\": [\"要点回顾\", \"学习资源与实践路径\", \"问题与讨论\"]}', '{\"text\": \"页面标题：学习要点与下一步\\n\\n页面文字：\\n- 回顾核心要点：原理、材料、应用要点一览\\n- 学习资源与实践路径：课程、书籍、练手项目\\n- 问题与讨论环节：提出关键疑问并进行现场交流\", \"generated_at\": \"2026-01-19T02:17:17.086034\"}', 'ad84d2a7-76cd-487f-b9a5-96bd34134b02/pages/88cd652d-04f5-42ad-b981-14e76de2d5ef_v1.png', 'COMPLETED', '2026-01-19 02:16:48.356106', '2026-01-19 02:21:09.327998', NULL, NULL);
INSERT INTO `pages` (`id`, `project_id`, `order_index`, `part`, `outline_content`, `description_content`, `generated_image_path`, `status`, `created_at`, `updated_at`, `layout_id`, `html_model`) VALUES ('d5cc02b3-c34e-499e-a1e0-22bf66f1bb63', 'e9efb5b7-7d2d-4e1e-8f58-b8ea2d52ee65', '0', '第一部分：入门介绍', '{\"title\": \"3D建模讲解\", \"points\": [\"主讲人：XXX\", \"日期：XXXX年XX月111\"]}', NULL, NULL, 'DRAFT', '2026-02-02 03:02:37.439083', '2026-02-02 03:04:01.144622', NULL, NULL);
INSERT INTO `pages` (`id`, `project_id`, `order_index`, `part`, `outline_content`, `description_content`, `generated_image_path`, `status`, `created_at`, `updated_at`, `layout_id`, `html_model`) VALUES ('86c3553b-debe-49d2-b9d5-929668fc5c61', 'e9efb5b7-7d2d-4e1e-8f58-b8ea2d52ee65', '1', '第一部分：入门介绍', '{\"title\": \"什么是3D建模？\", \"points\": [\"定义：在三维空间中创建物体数字模型的过程\", \"核心目标：表达形状、结构、比例与空间关系\", \"常见应用领域：游戏、影视、工业设计、建筑、医疗、教育等\"]}', NULL, NULL, 'DRAFT', '2026-02-02 03:02:37.440207', '2026-02-02 03:02:37.440209', NULL, NULL);
INSERT INTO `pages` (`id`, `project_id`, `order_index`, `part`, `outline_content`, `description_content`, `generated_image_path`, `status`, `created_at`, `updated_at`, `layout_id`, `html_model`) VALUES ('8ec282e2-7c14-4345-92aa-ebab2a157bf3', 'e9efb5b7-7d2d-4e1e-8f58-b8ea2d52ee65', '2', '第二部分：核心技术与流程', '{\"title\": \"3D建模主要类型\", \"points\": [\"多边形建模（Polygon Modeling）——最常用，适合角色与场景\", \"曲面建模（NURBS/Spline Modeling）——高精度工业设计\", \"雕刻建模（Digital Sculpting）——细节表现强，如ZBrush\", \"程序化建模（Procedural Modeling）——Houdini等工具支持\"]}', NULL, NULL, 'DRAFT', '2026-02-02 03:02:37.440509', '2026-02-02 03:02:37.440510', NULL, NULL);
INSERT INTO `pages` (`id`, `project_id`, `order_index`, `part`, `outline_content`, `description_content`, `generated_image_path`, `status`, `created_at`, `updated_at`, `layout_id`, `html_model`) VALUES ('9c23905c-2ad8-4d69-888a-8b60e0cf7b1c', 'e9efb5b7-7d2d-4e1e-8f58-b8ea2d52ee65', '3', '第二部分：核心技术与流程', '{\"title\": \"典型建模工作流程\", \"points\": [\"参考收集与概念草图\", \"基础拓扑搭建（Block-out）\", \"细化造型与布线优化\", \"UV展开与贴图准备\", \"材质赋予与渲染预览\"]}', NULL, NULL, 'DRAFT', '2026-02-02 03:02:37.440822', '2026-02-02 03:02:37.440824', NULL, NULL);
INSERT INTO `pages` (`id`, `project_id`, `order_index`, `part`, `outline_content`, `description_content`, `generated_image_path`, `status`, `created_at`, `updated_at`, `layout_id`, `html_model`) VALUES ('918a7980-ff86-4730-88f2-2e778a02ca66', 'e9efb5b7-7d2d-4e1e-8f58-b8ea2d52ee65', '4', '第三部分：主流软件与实践要点', '{\"title\": \"常用软件对比\", \"points\": [\"Blender（开源免费，全能型）\", \"Maya（影视动画行业标准）\", \"3ds Max（建筑可视化与游戏资产）\", \"ZBrush（高精雕刻首选）\", \"Fusion 360 / SolidWorks（参数化/工程建模）\"]}', NULL, NULL, 'DRAFT', '2026-02-02 03:02:37.441879', '2026-02-02 03:02:37.441882', NULL, NULL);
INSERT INTO `pages` (`id`, `project_id`, `order_index`, `part`, `outline_content`, `description_content`, `generated_image_path`, `status`, `created_at`, `updated_at`, `layout_id`, `html_model`) VALUES ('a0356816-3753-4370-b760-708da64a0bc4', 'e9efb5b7-7d2d-4e1e-8f58-b8ea2d52ee65', '5', '第三部分：主流软件与实践要点', '{\"title\": \"初学者学习建议\", \"points\": [\"从基础几何体变形开始，理解顶点/边/面关系\", \"重视拓扑合理性（四边面为主、避免三角面与N-gon）\", \"养成命名、分层、保存版本的习惯\", \"多临摹简单模型，逐步过渡到原创设计\"]}', NULL, NULL, 'DRAFT', '2026-02-02 03:02:37.442292', '2026-02-02 03:02:37.442293', NULL, NULL);
INSERT INTO `pages` (`id`, `project_id`, `order_index`, `part`, `outline_content`, `description_content`, `generated_image_path`, `status`, `created_at`, `updated_at`, `layout_id`, `html_model`) VALUES ('54dee816-6a3f-4329-800d-21975400f7d2', 'e9efb5b7-7d2d-4e1e-8f58-b8ea2d52ee65', '6', '第四部分：拓展与展望', '{\"title\": \"3D建模的前沿融合\", \"points\": [\"与AI结合：文本/图像生成3D模型（如Luma AI、Tripo AI）\", \"实时渲染与引擎集成（Unity/Unreal实时建模管线）\", \"3D扫描与逆向建模普及化\"]}', NULL, NULL, 'DRAFT', '2026-02-02 03:02:37.442650', '2026-02-02 03:02:37.442651', NULL, NULL);
INSERT INTO `pages` (`id`, `project_id`, `order_index`, `part`, `outline_content`, `description_content`, `generated_image_path`, `status`, `created_at`, `updated_at`, `layout_id`, `html_model`) VALUES ('f9a5c578-6bf8-4aff-8bfa-066b965098f0', 'e9efb5b7-7d2d-4e1e-8f58-b8ea2d52ee65', '7', '第四部分：拓展与展望', '{\"title\": \"总结与Q&A\", \"points\": [\"3D建模是数字创作的核心技能之一\", \"重在理解原理、勤于练习、持续迭代\", \"欢迎提问交流\"]}', NULL, NULL, 'DRAFT', '2026-02-02 03:02:37.442961', '2026-02-02 03:02:37.442962', NULL, NULL);
INSERT INTO `pages` (`id`, `project_id`, `order_index`, `part`, `outline_content`, `description_content`, `generated_image_path`, `status`, `created_at`, `updated_at`, `layout_id`, `html_model`) VALUES ('d663f7de-0673-4a53-b47f-66d594cd7fda', '94c76730-2d75-4adf-b668-5ac2c11840b7', '0', '第一部分：课程导览', '{\"title\": \"3D建模入门教程\", \"points\": [\"副标题：从零开始掌握核心概念与实践技能\", \"讲师：XXX | 日期：2024年X月\"]}', NULL, NULL, 'DRAFT', '2026-02-02 03:11:38.265068', '2026-02-02 03:11:38.265074', NULL, NULL);
INSERT INTO `pages` (`id`, `project_id`, `order_index`, `part`, `outline_content`, `description_content`, `generated_image_path`, `status`, `created_at`, `updated_at`, `layout_id`, `html_model`) VALUES ('0d96544c-8b8c-4526-ad81-49665831db1c', '94c76730-2d75-4adf-b668-5ac2c11840b7', '1', '第一部分：课程导览', '{\"title\": \"课程目标与适用人群\", \"points\": [\"掌握3D建模基本原理与工作流程\", \"熟悉主流建模思路（多边形/曲面/程序化）\", \"完成一个简易3D模型（如茶杯或小凳子）\", \"面向零基础设计爱好者、学生及跨领域初学者\"]}', NULL, NULL, 'DRAFT', '2026-02-02 03:11:38.265534', '2026-02-02 03:11:38.265538', NULL, NULL);
INSERT INTO `pages` (`id`, `project_id`, `order_index`, `part`, `outline_content`, `description_content`, `generated_image_path`, `status`, `created_at`, `updated_at`, `layout_id`, `html_model`) VALUES ('4cee8396-e73b-4a59-8e4b-32d886dd0611', '94c76730-2d75-4adf-b668-5ac2c11840b7', '2', '第二部分：基础认知', '{\"title\": \"什么是3D建模？\", \"points\": [\"将现实或想象物体转化为数字三维空间表示的过程\", \"核心三要素：顶点（Vertex）、边（Edge）、面（Face）\", \"区别于2D绘图：X/Y/Z轴、法线、拓扑结构\"]}', NULL, NULL, 'DRAFT', '2026-02-02 03:11:38.265873', '2026-02-02 03:11:38.265877', NULL, NULL);
INSERT INTO `pages` (`id`, `project_id`, `order_index`, `part`, `outline_content`, `description_content`, `generated_image_path`, `status`, `created_at`, `updated_at`, `layout_id`, `html_model`) VALUES ('785b9a05-61e8-4a4b-a500-76aa48099f86', '94c76730-2d75-4adf-b668-5ac2c11840b7', '3', '第二部分：基础认知', '{\"title\": \"常见3D建模类型对比\", \"points\": [\"多边形建模（Polygon）：灵活高效，适合游戏/动画（如Blender、Maya）\", \"NURBS/曲面建模：高精度工业设计（如Rhino、Alias）\", \"体素/程序化建模：参数驱动与自动化（如Houdini、Sverchok）\"]}', NULL, NULL, 'DRAFT', '2026-02-02 03:11:38.266570', '2026-02-02 03:11:38.266577', NULL, NULL);
INSERT INTO `pages` (`id`, `project_id`, `order_index`, `part`, `outline_content`, `description_content`, `generated_image_path`, `status`, `created_at`, `updated_at`, `layout_id`, `html_model`) VALUES ('5e387c6c-7d08-40c1-80f9-980af5b1ebcf', '94c76730-2d75-4adf-b668-5ac2c11840b7', '4', '第二部分：基础认知', '{\"title\": \"典型应用场景\", \"points\": [\"影视动画：角色、场景资产制作\", \"游戏开发：低模/高模/UV贴图全流程\", \"工业设计：产品原型与结构验证\", \"建筑可视化：BIM整合与效果图渲染\", \"3D打印：可制造性检查与网格修复\"]}', NULL, NULL, 'DRAFT', '2026-02-02 03:11:38.267013', '2026-02-02 03:11:38.267018', NULL, NULL);
INSERT INTO `pages` (`id`, `project_id`, `order_index`, `part`, `outline_content`, `description_content`, `generated_image_path`, `status`, `created_at`, `updated_at`, `layout_id`, `html_model`) VALUES ('9feea2d2-78ff-4361-986d-c5fa4a29276b', '94c76730-2d75-4adf-b668-5ac2c11840b7', '5', '第三部分：工具与环境准备', '{\"title\": \"推荐入门软件选择\", \"points\": [\"Blender（免费开源，功能完整，社区活跃）\", \"Tinkercad（网页端，极简操作，适合儿童/初学者）\", \"Fusion 360（免费教育版，参数化强，侧重工程）\", \"避坑提示：避免初期使用复杂商业软件（如Maya/3ds Max）\"]}', NULL, NULL, 'DRAFT', '2026-02-02 03:11:38.267896', '2026-02-02 03:11:38.267901', NULL, NULL);
INSERT INTO `pages` (`id`, `project_id`, `order_index`, `part`, `outline_content`, `description_content`, `generated_image_path`, `status`, `created_at`, `updated_at`, `layout_id`, `html_model`) VALUES ('6c4b5120-1251-459d-83b0-c85ed44b75c6', '94c76730-2d75-4adf-b668-5ac2c11840b7', '6', '第三部分：工具与环境准备', '{\"title\": \"Blender安装与界面初识\", \"points\": [\"官网下载与一键安装（Windows/macOS/Linux）\", \"四大核心区域：3D视图、大纲列表、属性面板、时间线\", \"常用快捷键预热：G（移动）、R（旋转）、S（缩放）、Tab（编辑/对象模式）\"]}', NULL, NULL, 'DRAFT', '2026-02-02 03:11:38.268235', '2026-02-02 03:11:38.268238', NULL, NULL);
INSERT INTO `pages` (`id`, `project_id`, `order_index`, `part`, `outline_content`, `description_content`, `generated_image_path`, `status`, `created_at`, `updated_at`, `layout_id`, `html_model`) VALUES ('d4ed0ce2-e3cd-4236-bf66-0416864c75cc', '94c76730-2d75-4adf-b668-5ac2c11840b7', '7', '第三部分：工具与环境准备', '{\"title\": \"基础操作规范\", \"points\": [\"单位设置（公制/厘米）、原点定位、坐标系理解（全局/局部）\", \"视图控制：滚轮缩放、中键拖拽平移、Shift+中键旋转\", \"保存习惯：定期Ctrl+S，启用自动保存与版本备份\"]}', NULL, NULL, 'DRAFT', '2026-02-02 03:11:38.269244', '2026-02-02 03:11:38.269248', NULL, NULL);
INSERT INTO `pages` (`id`, `project_id`, `order_index`, `part`, `outline_content`, `description_content`, `generated_image_path`, `status`, `created_at`, `updated_at`, `layout_id`, `html_model`) VALUES ('54634131-06dd-4a96-acc3-0caa30d53ce0', '94c76730-2d75-4adf-b668-5ac2c11840b7', '8', '第四部分：建模核心流程实战', '{\"title\": \"第一步：参考图导入与场景搭建\", \"points\": [\"导入正交参考图（前/侧/顶视图）作为背景图像\", \"调整透明度与对齐位置，构建建模基准\", \"创建参考几何体（立方体/圆柱）辅助比例判断\"]}', NULL, NULL, 'DRAFT', '2026-02-02 03:11:38.271527', '2026-02-02 03:11:38.271535', NULL, NULL);
INSERT INTO `pages` (`id`, `project_id`, `order_index`, `part`, `outline_content`, `description_content`, `generated_image_path`, `status`, `created_at`, `updated_at`, `layout_id`, `html_model`) VALUES ('24eb2cef-feff-4202-8fa9-d43dbc3c98ca', '94c76730-2d75-4adf-b668-5ac2c11840b7', '9', '第四部分：建模核心流程实战', '{\"title\": \"第二步：基础形体创建与编辑\", \"points\": [\"添加基本体（Shift+A）：立方体、球体、圆柱、环面\", \"编辑模式（Tab）下选择顶点/边/面进行挤出（E）、循环切（Ctrl+R）、倒角（Ctrl+B）\", \"实例：用立方体挤出+倒角制作简约手机模型\"]}', NULL, NULL, 'DRAFT', '2026-02-02 03:11:38.272448', '2026-02-02 03:11:38.272457', NULL, NULL);
INSERT INTO `pages` (`id`, `project_id`, `order_index`, `part`, `outline_content`, `description_content`, `generated_image_path`, `status`, `created_at`, `updated_at`, `layout_id`, `html_model`) VALUES ('0374b118-3238-4026-b3db-df245b7f3ac9', '94c76730-2d75-4adf-b668-5ac2c11840b7', '10', '第四部分：建模核心流程实战', '{\"title\": \"第三步：细分与平滑处理\", \"points\": [\"添加细分曲面修改器（Subdivision Surface）提升表面精度\", \"理解‘支持边’（Crease）与‘锐边标记’控制硬边效果\", \"避免过度细分导致性能下降——合理设置视图/渲染层级\"]}', NULL, NULL, 'DRAFT', '2026-02-02 03:11:38.273236', '2026-02-02 03:11:38.273241', NULL, NULL);
INSERT INTO `pages` (`id`, `project_id`, `order_index`, `part`, `outline_content`, `description_content`, `generated_image_path`, `status`, `created_at`, `updated_at`, `layout_id`, `html_model`) VALUES ('2ead654e-3604-4913-9972-b567572f7d22', '94c76730-2d75-4adf-b668-5ac2c11840b7', '11', '第四部分：建模核心流程实战', '{\"title\": \"第四步：布尔运算与组合建模\", \"points\": [\"使用布尔修改器实现‘并集/差集/交集’（如在盒子上挖孔）\", \"注意事项：确保物体为闭合网格、应用缩放（Ctrl+A → Scale）、修复重叠面\", \"替代方案：手动切割+填充（Loop Cut + F）提高拓扑可控性\"]}', NULL, NULL, 'DRAFT', '2026-02-02 03:11:38.273495', '2026-02-02 03:11:38.273497', NULL, NULL);
INSERT INTO `pages` (`id`, `project_id`, `order_index`, `part`, `outline_content`, `description_content`, `generated_image_path`, `status`, `created_at`, `updated_at`, `layout_id`, `html_model`) VALUES ('354bd8c0-06a4-460b-b1d5-656d9db8fafd', '94c76730-2d75-4adf-b668-5ac2c11840b7', '12', '第四部分：建模核心流程实战', '{\"title\": \"第五步：拓扑优化基础\", \"points\": [\"识别不良拓扑：三角面、N-gon、扭曲面、非流形几何\", \"重拓扑原则：四边面为主、布线沿形变方向、关键区域布线密集\", \"简易重拓扑：使用Shrinkwrap修改器辅助投射新网格\"]}', NULL, NULL, 'DRAFT', '2026-02-02 03:11:38.273753', '2026-02-02 03:11:38.273756', NULL, NULL);
INSERT INTO `pages` (`id`, `project_id`, `order_index`, `part`, `outline_content`, `description_content`, `generated_image_path`, `status`, `created_at`, `updated_at`, `layout_id`, `html_model`) VALUES ('58dcd61e-2b9d-41e1-b6dd-6bb20e68d805', '94c76730-2d75-4adf-b668-5ac2c11840b7', '13', '第五部分：材质、光照与简单渲染', '{\"title\": \"基础材质设置（Blender EEVEE）\", \"points\": [\"新建材质→连接基础色（Base Color）与粗糙度（Roughness）节点\", \"使用图像纹理贴图（如木纹、金属划痕）增强真实感\", \"PBR流程简介：Albedo/Metallic/Roughness贴图作用\"]}', NULL, NULL, 'DRAFT', '2026-02-02 03:11:38.274028', '2026-02-02 03:11:38.274032', NULL, NULL);
INSERT INTO `pages` (`id`, `project_id`, `order_index`, `part`, `outline_content`, `description_content`, `generated_image_path`, `status`, `created_at`, `updated_at`, `layout_id`, `html_model`) VALUES ('436345a0-a542-47b1-9a1e-42373a97a33d', '94c76730-2d75-4adf-b668-5ac2c11840b7', '14', '第五部分：材质、光照与简单渲染', '{\"title\": \"灯光与环境配置\", \"points\": [\"三种基础灯型：点光源（Point）、聚光灯（Spot）、面光源（Area）\", \"HDRI环境光：一键提供自然光照与反射环境\", \"布光三要素：主光（Key）、补光（Fill）、轮廓光（Rim）\"]}', NULL, NULL, 'DRAFT', '2026-02-02 03:11:38.274270', '2026-02-02 03:11:38.274273', NULL, NULL);
INSERT INTO `pages` (`id`, `project_id`, `order_index`, `part`, `outline_content`, `description_content`, `generated_image_path`, `status`, `created_at`, `updated_at`, `layout_id`, `html_model`) VALUES ('5d8404fe-6468-4f26-b487-15c6ecbab96e', '94c76730-2d75-4adf-b668-5ac2c11840b7', '15', '第五部分：材质、光照与简单渲染', '{\"title\": \"快速渲染输出\", \"points\": [\"设置输出格式（PNG序列）、分辨率（1920×1080）、采样数（EEVEE建议64-128）\", \"渲染按钮（F12）与视窗渲染切换\", \"保存渲染结果：路径设置与文件命名规范\"]}', NULL, NULL, 'DRAFT', '2026-02-02 03:11:38.274494', '2026-02-02 03:11:38.274497', NULL, NULL);
INSERT INTO `pages` (`id`, `project_id`, `order_index`, `part`, `outline_content`, `description_content`, `generated_image_path`, `status`, `created_at`, `updated_at`, `layout_id`, `html_model`) VALUES ('aaf5f82f-26ee-4c30-9d61-71fcb8062d1c', '94c76730-2d75-4adf-b668-5ac2c11840b7', '16', '第六部分：导出与延伸应用', '{\"title\": \"模型导出标准格式\", \"points\": [\"FBX（通用，含动画/材质，推荐跨平台协作）\", \"OBJ（纯几何，兼容性强，需单独导出MTL材质）\", \"STL（3D打印专用，仅三角面，无材质/颜色）\", \"导出前必做：应用变换、清除空对象、检查法线朝向\"]}', NULL, NULL, 'DRAFT', '2026-02-02 03:11:38.274726', '2026-02-02 03:11:38.274729', NULL, NULL);
INSERT INTO `pages` (`id`, `project_id`, `order_index`, `part`, `outline_content`, `description_content`, `generated_image_path`, `status`, `created_at`, `updated_at`, `layout_id`, `html_model`) VALUES ('bc4dec77-d52d-4528-bfc4-2b94d7642d5d', '94c76730-2d75-4adf-b668-5ac2c11840b7', '17', '第六部分：导出与延伸应用', '{\"title\": \"3D打印入门准备\", \"points\": [\"水密性检查（Mesh > Clean Up > Merge by Distance）\", \"壁厚验证（≥1mm常用塑料）、悬垂角处理（≤45°需支撑）\", \"切片软件对接：导入Cura/PrusaSlicer，生成G-code\"]}', NULL, NULL, 'DRAFT', '2026-02-02 03:11:38.275074', '2026-02-02 03:11:38.275076', NULL, NULL);
INSERT INTO `pages` (`id`, `project_id`, `order_index`, `part`, `outline_content`, `description_content`, `generated_image_path`, `status`, `created_at`, `updated_at`, `layout_id`, `html_model`) VALUES ('4c8f06c7-304c-46ad-bba4-d54b5099ddbb', '94c76730-2d75-4adf-b668-5ac2c11840b7', '18', '第六部分：导出与延伸应用', '{\"title\": \"下一步学习路径\", \"points\": [\"进阶建模：雕刻（Sculpt Mode）、粒子系统、刚体模拟\", \"动画入门：绑定（Armature）、关键帧、非线性动画（NLA）\", \"资源拓展：Poly Haven（免费HDRI/纹理）、TurboSquid（模型库）、Blender官方教程\"]}', NULL, NULL, 'DRAFT', '2026-02-02 03:11:38.275308', '2026-02-02 03:11:38.275311', NULL, NULL);
INSERT INTO `pages` (`id`, `project_id`, `order_index`, `part`, `outline_content`, `description_content`, `generated_image_path`, `status`, `created_at`, `updated_at`, `layout_id`, `html_model`) VALUES ('a7c62858-23ad-4bd3-beba-a60af645e2c7', '94c76730-2d75-4adf-b668-5ac2c11840b7', '19', '第六部分：导出与延伸应用', '{\"title\": \"Q&A与练习任务\", \"points\": [\"课堂练习：独立完成‘带手柄的马克杯’建模（含倒角、布尔挖孔）\", \"课后挑战：为模型添加木质材质+环境光渲染并导出FBX\", \"扫码获取全套参考图、Blender工程文件与速查键盘表\"]}', NULL, NULL, 'DRAFT', '2026-02-02 03:11:38.275502', '2026-02-02 03:11:38.275504', NULL, NULL);
INSERT INTO `pages` (`id`, `project_id`, `order_index`, `part`, `outline_content`, `description_content`, `generated_image_path`, `status`, `created_at`, `updated_at`, `layout_id`, `html_model`) VALUES ('46df27ba-2aa1-4c4a-a51f-ec6f96e6a622', '7aea08e9-f4b7-4ae5-b7be-7c04115637bc', '0', NULL, '{\"title\": \"3D建模入门与实践 讲解人李明\", \"points\": [\"讲解人：李明\"]}', '{\"text\": \"页面标题：3D建模入门与实践  \\n副标题：讲解人：李明  \\n\\n页面文字：  \\n- 主讲人：李明  \\n- 专注三维数字内容创作与教学  \\n- 实战导向，零基础友好  \\n\\n（注：本页严格遵循极简原则，无图片、无公式、无额外装饰）\", \"generated_at\": \"2026-02-02T05:16:04.435745\"}', NULL, 'FAILED', '2026-02-02 03:45:33.244596', '2026-02-02 05:19:33.661975', 'cover', '{\"title\": \"3D建模入门与实践\", \"subtitle\": \"从零掌握建模核心逻辑与实战路径\", \"author\": \"三维数字内容教研组\", \"department\": \"数字创意学院\", \"date\": \"2024年\"}');
INSERT INTO `pages` (`id`, `project_id`, `order_index`, `part`, `outline_content`, `description_content`, `generated_image_path`, `status`, `created_at`, `updated_at`, `layout_id`, `html_model`) VALUES ('15bf4ddd-df48-4f9c-a511-272806a8663f', '7aea08e9-f4b7-4ae5-b7be-7c04115637bc', '1', NULL, '{\"title\": \"目录\", \"points\": [\"什么是3D建模\", \"核心建模方法\", \"主流软件概览\", \"建模工作流程\", \"拓扑与布线规范\", \"UV展开与贴图基础\", \"材质与渲染入门\", \"动画绑定基础\", \"行业应用场景\", \"常见问题与避坑指南\", \"学习路径建议\", \"案例演示：简易角色建模\", \"资源与工具推荐\", \"Q&A\"]}', '{\"text\": \"页面标题：目录\\n\\n\\n页面文字：\\n- 什么是3D建模  \\n- 核心建模方法  \\n- 主流软件概览  \\n- 建模工作流程  \\n- 拓扑与布线规范  \\n- UV展开与贴图基础  \\n- 材质与渲染入门  \\n- 动画绑定基础  \\n- 行业应用场景  \\n- 常见问题与避坑指南  \\n- 学习路径建议  \\n- 案例演示：简易角色建模  \\n- 资源与工具推荐  \\n- Q&A\", \"generated_at\": \"2026-02-02T05:07:53.973422\"}', NULL, 'FAILED', '2026-02-02 03:45:33.245889', '2026-02-02 05:19:33.665163', 'toc', '{\"title\": \"目录\", \"items\": [{\"index\": 1, \"text\": \"第一部分：基础认知\"}, {\"index\": 2, \"text\": \"第二部分：建模方法详解\"}, {\"index\": 3, \"text\": \"第三部分：工具与流程\"}, {\"index\": 4, \"text\": \"第四部分：关键进阶要点\"}, {\"index\": 5, \"text\": \"第五部分：应用与拓展\"}]}');
INSERT INTO `pages` (`id`, `project_id`, `order_index`, `part`, `outline_content`, `description_content`, `generated_image_path`, `status`, `created_at`, `updated_at`, `layout_id`, `html_model`) VALUES ('1634e069-0a53-4e4f-a4fd-68714bf15b45', '7aea08e9-f4b7-4ae5-b7be-7c04115637bc', '2', NULL, '{\"title\": \"第一部分：基础认知\", \"points\": []}', NULL, NULL, 'FAILED', '2026-02-02 03:45:33.246383', '2026-02-02 05:19:33.612531', 'section_title', '{\"section_number\": \"01\", \"title\": \"第一部分：基础认知\", \"subtitle\": \"建立3D建模的系统性理解\"}');
INSERT INTO `pages` (`id`, `project_id`, `order_index`, `part`, `outline_content`, `description_content`, `generated_image_path`, `status`, `created_at`, `updated_at`, `layout_id`, `html_model`) VALUES ('397da4b7-f1f5-4cc7-82e8-03b94179471e', '7aea08e9-f4b7-4ae5-b7be-7c04115637bc', '3', NULL, '{\"title\": \"什么是3D建模？\", \"points\": [\"定义：在三维空间中创建物体数字几何体的过程\", \"本质：用点（Vertex）、线（Edge）、面（Face）构建虚拟对象\", \"输出目标：可用于渲染、动画、打印、交互、仿真等\", \"区别于2D绘图：具备X/Y/Z坐标、法线、体积、空间关系\"]}', NULL, NULL, 'FAILED', '2026-02-02 03:45:33.246721', '2026-02-02 05:19:33.625082', 'title_bullets', '{\"title\": \"什么是3D建模？\", \"bullets\": [{\"icon\": \"fa-book\", \"text\": \"定义：三维空间中创建数字几何体\", \"description\": \"通过计算机软件在X/Y/Z轴上构建物体的虚拟结构，是数字内容创作的基础环节\"}, {\"icon\": \"fa-cube\", \"text\": \"本质：点、线、面构成虚拟对象\", \"description\": \"以顶点（Vertex）为锚点，边（Edge）连接形成轮廓，面（Face）围合生成体积与表面\"}, {\"icon\": \"fa-project-diagram\", \"text\": \"输出目标高度通用化\", \"description\": \"生成模型可直接用于渲染出图、绑定动画、3D打印、实时交互或工程仿真等多元场景\"}]}');
INSERT INTO `pages` (`id`, `project_id`, `order_index`, `part`, `outline_content`, `description_content`, `generated_image_path`, `status`, `created_at`, `updated_at`, `layout_id`, `html_model`) VALUES ('d5e5e359-e1f4-455e-8ad0-52328db94ca5', '7aea08e9-f4b7-4ae5-b7be-7c04115637bc', '4', NULL, '{\"title\": \"3D建模的核心分类\", \"points\": [\"多边形建模（Polygon Modeling）——最常用，适合游戏/影视/工业\", \"曲面建模（NURBS/Spline）——高精度曲面，常用于汽车/工业设计\", \"参数化建模（Parametric Modeling）——基于规则与历史树，如Fusion 360\", \"体素建模（Voxel Modeling）——如MagicaVoxel，适合像素风与快速原型\"]}', NULL, NULL, 'FAILED', '2026-02-02 03:45:33.247105', '2026-02-02 05:19:33.627148', 'title_bullets', '{\"title\": \"3D建模的核心分类\", \"bullets\": [{\"icon\": \"fa-cube\", \"text\": \"多边形建模（Polygon Modeling）\", \"description\": \"最主流方法，基于顶点/边/面编辑，高效灵活，广泛应用于游戏、影视与工业设计。\"}, {\"icon\": \"fa-spline\", \"text\": \"曲面建模（NURBS/Spline）\", \"description\": \"以数学曲面为核心，精度高、连续性好，适用于汽车外形、精密模具等工业级设计。\"}, {\"icon\": \"fa-sliders-h\", \"text\": \"参数化建模（Parametric Modeling）\", \"description\": \"依赖历史树与可编辑参数，修改便捷、设计意图明确，典型代表为Fusion 360、SolidWorks。\"}]}');
INSERT INTO `pages` (`id`, `project_id`, `order_index`, `part`, `outline_content`, `description_content`, `generated_image_path`, `status`, `created_at`, `updated_at`, `layout_id`, `html_model`) VALUES ('8dcc49bb-d001-43c8-8e3f-6a0b8a28a6b7', '7aea08e9-f4b7-4ae5-b7be-7c04115637bc', '5', NULL, '{\"title\": \"第二部分：建模方法详解\", \"points\": []}', NULL, NULL, 'FAILED', '2026-02-02 03:45:33.247646', '2026-02-02 05:19:33.629015', 'section_title', '{\"section_number\": \"02\", \"title\": \"第二部分：建模方法详解\", \"subtitle\": \"系统掌握核心建模技术与策略\"}');
INSERT INTO `pages` (`id`, `project_id`, `order_index`, `part`, `outline_content`, `description_content`, `generated_image_path`, `status`, `created_at`, `updated_at`, `layout_id`, `html_model`) VALUES ('2ffba01c-ab88-4e36-9020-542a47d29e29', '7aea08e9-f4b7-4ae5-b7be-7c04115637bc', '6', NULL, '{\"title\": \"多边形建模四大核心操作\", \"points\": [\"挤出（Extrude）：沿法线方向延伸面，构建体积\", \"倒角（Bevel）：柔化硬边，提升视觉真实感\", \"循环切（Loop Cut）：精准控制拓扑流，支撑变形\", \"桥接（Bridge）：连接两组边缘，生成过渡几何体\"]}', NULL, NULL, 'FAILED', '2026-02-02 03:45:33.247914', '2026-02-02 05:19:33.631235', 'title_bullets', '{\"title\": \"多边形建模四大核心操作\", \"bullets\": [{\"icon\": \"fa-arrow-up\", \"text\": \"挤出（Extrude）\", \"description\": \"沿面法线方向延伸生成新几何体，是构建体积与形态的基础操作\"}, {\"icon\": \"fa-cut\", \"text\": \"倒角（Bevel）\", \"description\": \"对边或顶点添加斜面过渡，柔化硬边、增强光照响应与真实感\"}, {\"icon\": \"fa-ruler-combined\", \"text\": \"循环切（Loop Cut）\", \"description\": \"沿拓扑流插入连续边环，精准控制布线密度，保障变形稳定性\"}, {\"icon\": \"fa-expand-arrows-alt\", \"text\": \"缩放/移动/旋转（Transform）\", \"description\": \"基础变换组合操作，实现顶点/边/面级微调，支撑精细化建模\"}]}');
INSERT INTO `pages` (`id`, `project_id`, `order_index`, `part`, `outline_content`, `description_content`, `generated_image_path`, `status`, `created_at`, `updated_at`, `layout_id`, `html_model`) VALUES ('c0ddd32b-5f12-4f6b-bc07-dd95677ae79a', '7aea08e9-f4b7-4ae5-b7be-7c04115637bc', '7', NULL, '{\"title\": \"建模策略对比\", \"points\": []}', NULL, NULL, 'FAILED', '2026-02-02 03:45:33.248238', '2026-02-02 05:19:33.634958', 'two_column', '{\"title\": \"建模策略对比\", \"left\": {\"type\": \"bullets\", \"header\": \"自下而上建模（Bottom-up）\", \"content\": [\"fa-check 基于基础几何体逐步构建细节\", \"fa-lightbulb 适合硬表面/机械类模型\", \"fa-star 拓扑可控、修改灵活度高\", \"fa-check 初学者友好，逻辑清晰易掌握\"]}, \"right\": {\"type\": \"bullets\", \"header\": \"自上而下建模（Top-down）\", \"content\": [\"fa-check 先确立整体形态再细化局部\", \"fa-lightbulb 常用于有机角色/雕塑式建模\", \"fa-star 高效捕捉大形与动态比例\", \"fa-check 多结合雕刻工具（如ZBrush）\"]}}');
INSERT INTO `pages` (`id`, `project_id`, `order_index`, `part`, `outline_content`, `description_content`, `generated_image_path`, `status`, `created_at`, `updated_at`, `layout_id`, `html_model`) VALUES ('74f6f9f5-5f2c-4973-a7fc-eb230f9452c9', '7aea08e9-f4b7-4ae5-b7be-7c04115637bc', '8', NULL, '{\"title\": \"第三部分：工具与流程\", \"points\": []}', NULL, NULL, 'FAILED', '2026-02-02 03:45:33.248589', '2026-02-02 05:19:33.637189', 'section_title', '{\"section_number\": \"03\", \"title\": \"第三部分：工具与流程\", \"subtitle\": \"高效建模的支撑体系\"}');
INSERT INTO `pages` (`id`, `project_id`, `order_index`, `part`, `outline_content`, `description_content`, `generated_image_path`, `status`, `created_at`, `updated_at`, `layout_id`, `html_model`) VALUES ('8fca63ed-7d38-4bb2-ab38-d83199f6a089', '7aea08e9-f4b7-4ae5-b7be-7c04115637bc', '9', NULL, '{\"title\": \"主流3D软件概览\", \"points\": [\"Blender（免费开源）：全能型，建模/雕刻/动画/渲染一体化\", \"Maya（影视工业标准）：绑定与动画强大，建模模块稳健\", \"3ds Max（建筑/游戏常用）：建模与插件生态成熟\", \"ZBrush（雕刻王者）：百万级面数雕刻，细节表现极致\", \"Fusion 360 / SolidWorks（工程向）：参数化精确建模，用于制造与仿真\"]}', NULL, NULL, 'FAILED', '2026-02-02 03:45:33.248874', '2026-02-02 05:19:33.639515', 'title_bullets', '{\"title\": \"主流3D软件概览\", \"bullets\": [{\"icon\": \"fa-cube\", \"text\": \"Blender（免费开源）\", \"description\": \"全能型一体化方案，覆盖建模、雕刻、绑定、动画、渲染全流程，社区活跃，学习资源丰富。\"}, {\"icon\": \"fa-film\", \"text\": \"Maya（影视工业标准）\", \"description\": \"绑定与角色动画领域标杆，建模模块稳健可靠，广泛应用于好莱坞级影视项目制作。\"}, {\"icon\": \"fa-building\", \"text\": \"3ds Max（建筑/游戏常用）\", \"description\": \"建筑可视化与游戏资产开发主力工具，建模效率高，插件生态成熟，兼容性强。\"}]}');
INSERT INTO `pages` (`id`, `project_id`, `order_index`, `part`, `outline_content`, `description_content`, `generated_image_path`, `status`, `created_at`, `updated_at`, `layout_id`, `html_model`) VALUES ('05e22c80-ec05-4849-a6fd-9f1ac3a45ecf', '7aea08e9-f4b7-4ae5-b7be-7c04115637bc', '10', NULL, '{\"title\": \"标准建模工作流程\", \"points\": []}', '{\"text\": \"页面标题：标准建模工作流程\\n\\n\\n页面文字：\\n- 参考设定：导入三视图或概念图，设置比例基准  \\n- 基础搭建：用低面数几何体概括整体形体与比例  \\n- 细节推进：分阶段添加结构线、局部特征与拓扑优化  \\n- 检查修正：验证法线、布线、UV、面数与单位一致性  \\n- 输出准备：清理层级、重命名、导出适配目标平台格式\", \"generated_at\": \"2026-02-02T05:08:08.887669\"}', NULL, 'FAILED', '2026-02-02 03:45:33.249115', '2026-02-02 05:19:34.187179', 'process_steps', '{\"title\": \"标准建模工作流程\", \"steps\": [{\"number\": 1, \"label\": \"需求分析与参考收集\", \"description\": \"明确用途、风格、比例，搜集高清参考图与尺寸数据\", \"icon\": \"fa-search\"}, {\"number\": 2, \"label\": \"基础拓扑搭建\", \"description\": \"从低面数原型入手，构建主体结构与关键布线逻辑\", \"icon\": \"fa-cube\"}, {\"number\": 3, \"label\": \"细节雕刻与造型细化\", \"description\": \"在细分层级添加形态特征，保持拓扑合理性与可控性\", \"icon\": \"fa-sculpture\"}, {\"number\": 4, \"label\": \"拓扑重拓与优化\", \"description\": \"重构四边面主导的干净拓扑，适配动画/细分/渲染需求\", \"icon\": \"fa-sync-alt\"}, {\"number\": 5, \"label\": \"UV展开与布局\", \"description\": \"合理分岛、最小拉伸、预留间距，确保贴图精度与效率\", \"icon\": \"fa-project-diagram\"}, {\"number\": 6, \"label\": \"验证与交付准备\", \"description\": \"检查法线、非流形、比例单位、命名规范及引擎兼容性\", \"icon\": \"fa-check-circle\"}]}');
INSERT INTO `pages` (`id`, `project_id`, `order_index`, `part`, `outline_content`, `description_content`, `generated_image_path`, `status`, `created_at`, `updated_at`, `layout_id`, `html_model`) VALUES ('f6d0e1aa-9a1d-4fd9-a4fa-9511c4060d4d', '7aea08e9-f4b7-4ae5-b7be-7c04115637bc', '11', NULL, '{\"title\": \"第四部分：关键进阶要点\", \"points\": []}', NULL, NULL, 'FAILED', '2026-02-02 03:45:33.249348', '2026-02-02 05:19:33.603562', 'section_title', '{\"section_number\": \"04\", \"title\": \"第四部分：关键进阶要点\", \"subtitle\": \"夯实高阶建模能力的核心维度\"}');
INSERT INTO `pages` (`id`, `project_id`, `order_index`, `part`, `outline_content`, `description_content`, `generated_image_path`, `status`, `created_at`, `updated_at`, `layout_id`, `html_model`) VALUES ('761a70b4-3301-49c1-93d5-b594a667458b', '7aea08e9-f4b7-4ae5-b7be-7c04115637bc', '12', NULL, '{\"title\": \"拓扑质量三大黄金法则\", \"points\": [\"1. 尽量使用四边面（Quads）——保障变形稳定与细分平滑\", \"2. 避免三角面集中区与N-gon（>4边面）——防止渲染异常与动画撕裂\", \"3. 边流（Edge Flow）匹配形变逻辑——如面部围绕五官环形布线\"]}', NULL, NULL, 'FAILED', '2026-02-02 03:45:33.249901', '2026-02-02 05:19:33.616029', 'title_bullets', '{\"title\": \"拓扑质量三大黄金法则\", \"bullets\": [{\"icon\": \"fa-square\", \"text\": \"优先使用四边面（Quads）\", \"description\": \"保障蒙皮变形稳定性，支持Catmull-Clark细分平滑，避免扭曲与塌陷\"}, {\"icon\": \"fa-triangle\", \"text\": \"杜绝三角面集中区与N-gon\", \"description\": \"防止渲染着色异常、法线翻转及动画关键帧撕裂，确保绑定可靠性\"}, {\"icon\": \"fa-sync-alt\", \"text\": \"边流匹配形变逻辑\", \"description\": \"如面部采用环状+放射状布线，精准引导肌肉收缩与表情拉伸方向\"}]}');
INSERT INTO `pages` (`id`, `project_id`, `order_index`, `part`, `outline_content`, `description_content`, `generated_image_path`, `status`, `created_at`, `updated_at`, `layout_id`, `html_model`) VALUES ('b7d19990-485b-4e2f-9ca8-fd5da5bc2eeb', '7aea08e9-f4b7-4ae5-b7be-7c04115637bc', '13', NULL, '{\"title\": \"UV展开核心原则\", \"points\": [\"保持UV岛形状接近原始几何投影，减少拉伸\", \"合理分块：按材质/功能区域划分UV岛\", \"预留足够间距防贴图溢出\", \"利用自动展UV+手动调整结合（如Blender的Smart UV Project + Follow Active Quads）\"]}', NULL, NULL, 'FAILED', '2026-02-02 03:45:33.250271', '2026-02-02 05:19:33.585165', 'title_content', '{\"title\": \"UV展开核心原则\", \"content\": [\"✅ 保持UV岛形状贴近原始几何投影，最大限度降低纹理拉伸失真\", \"✅ 合理分块：按材质边界、功能区域或接缝逻辑划分UV岛，提升贴图绘制效率\", \"✅ 预留≥4像素间距（以1024贴图为基准），防止Mipmap采样或过滤导致贴图溢出串色\", \"✅ 优先沿自然接缝（如模型硬边、结构转折处）切割，兼顾拓扑合理性与展开整洁度\", \"✅ 避免UV岛重叠（除非明确需要复用贴图），确保每片几何拥有唯一UV坐标\"]}');
INSERT INTO `pages` (`id`, `project_id`, `order_index`, `part`, `outline_content`, `description_content`, `generated_image_path`, `status`, `created_at`, `updated_at`, `layout_id`, `html_model`) VALUES ('df9d5221-4361-4fad-a300-a5f0af33e530', '7aea08e9-f4b7-4ae5-b7be-7c04115637bc', '14', NULL, '{\"title\": \"第五部分：应用与拓展\", \"points\": []}', NULL, NULL, 'FAILED', '2026-02-02 03:45:33.250655', '2026-02-02 05:19:33.622846', 'section_title', '{\"section_number\": \"05\", \"title\": \"第五部分：应用与拓展\", \"subtitle\": \"从建模到落地的全链路价值延伸\"}');
INSERT INTO `pages` (`id`, `project_id`, `order_index`, `part`, `outline_content`, `description_content`, `generated_image_path`, `status`, `created_at`, `updated_at`, `layout_id`, `html_model`) VALUES ('6f8d1b21-7bcb-4150-9a70-b89355ffbae3', '7aea08e9-f4b7-4ae5-b7be-7c04115637bc', '15', NULL, '{\"title\": \"3D建模的典型应用场景\", \"points\": [\"游戏开发：资产建模、LOD分级、引擎导入优化\", \"影视动画：角色/场景/道具建模，配合绑定与动力学\", \"工业设计：产品外观验证、结构装配模拟、3D打印准备\", \"建筑可视化：BIM协同、室内漫游、光照分析\", \"教育与医疗：解剖模型、分子结构、手术模拟\"]}', NULL, NULL, 'FAILED', '2026-02-02 03:45:33.250956', '2026-02-02 05:19:33.632922', 'title_bullets', '{\"title\": \"3D建模的典型应用场景\", \"bullets\": [{\"icon\": \"fa-gamepad\", \"text\": \"游戏开发\", \"description\": \"资产建模、LOD分级优化、引擎兼容性导入与性能调优\"}, {\"icon\": \"fa-film\", \"text\": \"影视动画\", \"description\": \"高精度角色/场景/道具建模，无缝对接绑定、蒙皮与动力学解算\"}, {\"icon\": \"fa-industry\", \"text\": \"工业设计\", \"description\": \"产品外观评审、结构装配干涉分析、面向3D打印的壁厚与支撑优化\"}]}');
INSERT INTO `pages` (`id`, `project_id`, `order_index`, `part`, `outline_content`, `description_content`, `generated_image_path`, `status`, `created_at`, `updated_at`, `layout_id`, `html_model`) VALUES ('00a3df1c-ab7a-4ef7-a501-1e7d97554d3d', '7aea08e9-f4b7-4ae5-b7be-7c04115637bc', '16', NULL, '{\"title\": \"常见问题与避坑指南\", \"points\": [\"❌ 忽视比例与单位设置 → 导致导入引擎后缩放错乱\", \"❌ 过早添加复杂细节 → 拓扑失控难以修改\", \"❌ UV重叠未检查 → 贴图显示错位\", \"❌ 法线朝向不统一 → 渲染出现黑面\", \"✅ 建议：勤保存版本、善用层级与命名、定期检查网格统计（面数/顶点/法线）\"]}', NULL, NULL, 'FAILED', '2026-02-02 03:45:33.251274', '2026-02-02 05:19:33.607724', 'title_bullets', '{\"title\": \"常见问题与避坑指南\", \"bullets\": [{\"icon\": \"fa-times-circle\", \"text\": \"忽视比例与单位设置\", \"description\": \"建模前未统一软件与引擎单位，导致导入后模型缩放异常、碰撞体错位\"}, {\"icon\": \"fa-times-circle\", \"text\": \"过早添加复杂细节\", \"description\": \"在基础拓扑未稳定前雕刻高模或布线细节，造成面数爆炸、修改成本剧增\"}, {\"icon\": \"fa-times-circle\", \"text\": \"UV重叠未检查\", \"description\": \"UV岛相互覆盖导致贴图采样冲突，出现纹理错位、颜色混杂、烘焙失败\"}]}');
INSERT INTO `pages` (`id`, `project_id`, `order_index`, `part`, `outline_content`, `description_content`, `generated_image_path`, `status`, `created_at`, `updated_at`, `layout_id`, `html_model`) VALUES ('3b921e08-6937-4c80-813c-157cadc0e12b', '7aea08e9-f4b7-4ae5-b7be-7c04115637bc', '17', NULL, '{\"title\": \"学习路径建议\", \"points\": [\"阶段1（1–2周）：熟悉Blender/Maya界面与基础操作\", \"阶段2（3–4周）：完成5个小型静物建模（杯子、椅子、手枪等）\", \"阶段3（2个月）：挑战中等复杂度项目（机器人头盔、卡通角色）\", \"阶段4（持续）：参与开源项目、临摹优秀作品、建立个人作品集\"]}', NULL, NULL, 'FAILED', '2026-02-02 03:45:33.251684', '2026-02-02 05:19:33.619160', 'title_bullets', '{\"title\": \"学习路径建议\", \"bullets\": [{\"icon\": \"fa-hourglass-start\", \"text\": \"阶段1（1–2周）：熟悉界面与基础操作\", \"description\": \"掌握Blender/Maya视图导航、选择/移动/旋转/缩放、基础修改器及快捷键体系\"}, {\"icon\": \"fa-cube\", \"text\": \"阶段2（3–4周）：完成5个小型静物建模\", \"description\": \"从杯子、椅子到手枪，聚焦比例把控、基础拓扑与干净布线，每件作品控制在2小时内完成\"}, {\"icon\": \"fa-robot\", \"text\": \"阶段3（2个月）：挑战中等复杂度项目\", \"description\": \"实践机器人头盔（硬表面）与卡通角色（有机建模），融入UV展开、简单材质与基础灯光验证\"}]}');
INSERT INTO `pages` (`id`, `project_id`, `order_index`, `part`, `outline_content`, `description_content`, `generated_image_path`, `status`, `created_at`, `updated_at`, `layout_id`, `html_model`) VALUES ('ff6d7f8e-fa09-49be-8e13-a2039329fe90', '7aea08e9-f4b7-4ae5-b7be-7c04115637bc', '18', NULL, '{\"title\": \"感谢聆听！\", \"points\": []}', NULL, NULL, 'FAILED', '2026-02-02 03:45:33.252047', '2026-02-02 05:19:33.598033', 'ending', '{\"title\": \"感谢聆听！\", \"subtitle\": \"愿3D建模为您开启数字创造之旅\", \"contact\": \"邮箱：contact@3dlearn.cn | 微信公众号：3D建模研习社\"}');
INSERT INTO `pages` (`id`, `project_id`, `order_index`, `part`, `outline_content`, `description_content`, `generated_image_path`, `status`, `created_at`, `updated_at`, `layout_id`, `html_model`) VALUES ('5526b541-6a85-4002-91b6-e9cc6146e771', '6d0119d3-3549-44b6-a953-388d881cc817', '0', '第一部分：课程导览', '{\"title\": \"C语言入门教程\", \"points\": []}', NULL, NULL, 'HTML_MODEL_GENERATED', '2026-02-02 05:50:02.503139', '2026-02-02 05:52:34.003055', 'cover', '{\"title\": \"C语言入门教程\", \"subtitle\": \"夯实编程基础 · 掌握系统级开发核心能力\", \"author\": \"C语言教学组\", \"department\": \"软件工程教研室\", \"date\": \"2024年\"}');
INSERT INTO `pages` (`id`, `project_id`, `order_index`, `part`, `outline_content`, `description_content`, `generated_image_path`, `status`, `created_at`, `updated_at`, `layout_id`, `html_model`) VALUES ('86043663-7dc7-4bc9-b5ae-4d41506169da', '6d0119d3-3549-44b6-a953-388d881cc817', '1', '第一部分：课程导览', '{\"title\": \"课程大纲\", \"points\": [\"C语言简介与历史\", \"开发环境搭建\", \"第一个C程序\", \"数据类型与变量\", \"运算符与表达式\", \"输入输出函数\", \"流程控制语句\", \"数组与字符串\", \"函数定义与调用\", \"指针基础\", \"结构体入门\", \"文件操作简介\", \"常见错误与调试技巧\", \"综合实训项目\", \"总结与进阶建议\"]}', NULL, NULL, 'HTML_MODEL_GENERATED', '2026-02-02 05:50:02.504164', '2026-02-02 05:52:33.859877', 'toc', '{\"title\": \"课程大纲\", \"items\": [{\"index\": 1, \"text\": \"C语言简介与历史\"}, {\"index\": 2, \"text\": \"开发环境搭建\"}, {\"index\": 3, \"text\": \"第一个C程序\"}]}');
INSERT INTO `pages` (`id`, `project_id`, `order_index`, `part`, `outline_content`, `description_content`, `generated_image_path`, `status`, `created_at`, `updated_at`, `layout_id`, `html_model`) VALUES ('6d659002-ee24-4eab-8bbd-8d26d2809956', '6d0119d3-3549-44b6-a953-388d881cc817', '2', '第二部分：基础入门', '{\"title\": \"什么是C语言？\", \"points\": [\"1972年由丹尼斯·里奇在贝尔实验室开发\", \"面向过程、高效、可移植的系统级编程语言\", \"操作系统（如Linux）、嵌入式、驱动开发的核心语言\", \"学习C语言是理解计算机底层原理的重要途径\"]}', NULL, NULL, 'HTML_MODEL_GENERATED', '2026-02-02 05:50:02.506822', '2026-02-02 05:52:45.848775', 'title_bullets', '{\"title\": \"什么是C语言？\", \"bullets\": [{\"icon\": \"fa-calendar\", \"text\": \"诞生于1972年\", \"description\": \"由丹尼斯·里奇在贝尔实验室主导开发，为UNIX操作系统重写而生\"}, {\"icon\": \"fa-cogs\", \"text\": \"面向过程的系统级语言\", \"description\": \"以函数为基本单元，强调算法逻辑与内存直接操控能力\"}, {\"icon\": \"fa-bolt\", \"text\": \"高效且贴近硬件\", \"description\": \"编译后生成紧凑机器码，执行效率高，资源占用极低\"}, {\"icon\": \"fa-globe\", \"text\": \"高度可移植\", \"description\": \"遵循ANSI/ISO标准，源代码经适配可在不同平台编译运行\"}, {\"icon\": \"fa-server\", \"text\": \"操作系统开发基石\", \"description\": \"Linux内核、UNIX变体及大量嵌入式系统核心均用C语言实现\"}, {\"icon\": \"fa-microchip\", \"text\": \"驱动与嵌入式首选\", \"description\": \"广泛应用于设备驱动、单片机、IoT终端等对性能和控制力要求严苛的领域\"}]}');
INSERT INTO `pages` (`id`, `project_id`, `order_index`, `part`, `outline_content`, `description_content`, `generated_image_path`, `status`, `created_at`, `updated_at`, `layout_id`, `html_model`) VALUES ('9c38e32f-950f-4618-b796-b6fdb7bfb9de', '6d0119d3-3549-44b6-a953-388d881cc817', '3', '第二部分：基础入门', '{\"title\": \"开发环境准备\", \"points\": [\"推荐工具：Visual Studio Code + GCC / Dev-C++ / Code::Blocks\", \"Windows下安装MinGW-w64\", \"macOS使用Xcode命令行工具或Homebrew安装gcc\", \"Linux直接使用内置gcc\", \"验证安装：终端输入 gcc --version\"]}', NULL, NULL, 'HTML_MODEL_GENERATED', '2026-02-02 05:50:02.507148', '2026-02-02 05:52:48.771399', 'title_bullets', '{\"title\": \"开发环境准备\", \"bullets\": [{\"icon\": \"fa-tools\", \"text\": \"推荐集成工具链\", \"description\": \"Visual Studio Code 搭配 GCC 编译器，或 Dev-C++ / Code::Blocks 一体化IDE，兼顾轻量与功能完备性。\"}, {\"icon\": \"fa-windows\", \"text\": \"Windows 安装 MinGW-w64\", \"description\": \"下载并安装 MinGW-w64（推荐使用 MSYS2 或 WinLibs），配置 PATH 环境变量，验证 gcc --version 成功运行。\"}, {\"icon\": \"fa-apple\", \"text\": \"macOS 配置编译环境\", \"description\": \"首选 Xcode 命令行工具（xcode-select --install）；或通过 Homebrew 执行 brew install gcc，使用 gcc-14 等别名调用。\"}]}');
INSERT INTO `pages` (`id`, `project_id`, `order_index`, `part`, `outline_content`, `description_content`, `generated_image_path`, `status`, `created_at`, `updated_at`, `layout_id`, `html_model`) VALUES ('a480ae54-f123-4ed8-a340-74e8d7ba66bc', '6d0119d3-3549-44b6-a953-388d881cc817', '4', '第二部分：基础入门', '{\"title\": \"Hello, World! —— 第一个C程序\", \"points\": [\"#include <stdio.h>\", \"int main() { printf(\\\"Hello, World!\\\\n\\\"); return 0; }\", \"解释：预处理指令、主函数、标准输出、返回值\", \"编译运行三步：gcc hello.c -o hello → ./hello\"]}', NULL, NULL, 'HTML_MODEL_GENERATED', '2026-02-02 05:50:02.507466', '2026-02-02 05:52:47.065646', 'title_content', '{\"title\": \"Hello, World! —— 第一个C程序\", \"content\": [\"这是每个C程序员的起点：简洁、规范、可运行。\", \"核心代码：#include <stdio.h> —— 引入标准输入输出库。\", \"int main() { ... } —— 程序唯一入口，操作系统由此调用。\", \"printf(\\\"Hello, World!\\\\n\\\"); —— 向控制台输出字符串并换行。\", \"return 0; —— 表示程序成功结束，返回值供系统或父进程检查。\"], \"highlight\": \"#include <stdio.h>\\nint main() { printf(\\\"Hello, World!\\\\n\\\"); return 0; }\"}');
INSERT INTO `pages` (`id`, `project_id`, `order_index`, `part`, `outline_content`, `description_content`, `generated_image_path`, `status`, `created_at`, `updated_at`, `layout_id`, `html_model`) VALUES ('3eeeca71-5187-47a0-9a0a-f2874241caf1', '6d0119d3-3549-44b6-a953-388d881cc817', '5', '第二部分：基础入门', '{\"title\": \"C程序基本结构\", \"points\": [\"预处理指令（#include、#define）\", \"全局声明区（全局变量、函数声明）\", \"main()函数（程序唯一入口）\", \"语句块（{}包裹，以分号结尾）\", \"注释：// 单行 与 /* 多行 */\"]}', NULL, NULL, 'HTML_MODEL_GENERATED', '2026-02-02 05:50:02.507719', '2026-02-02 05:52:48.727007', 'title_bullets', '{\"title\": \"C程序基本结构\", \"bullets\": [{\"icon\": \"fa-code\", \"text\": \"预处理指令区\", \"description\": \"以#开头，如#include引入头文件、#define定义宏，由预处理器在编译前处理。\"}, {\"icon\": \"fa-file-alt\", \"text\": \"全局声明区\", \"description\": \"位于函数外，可声明全局变量、函数原型（如int add(int, int);），作用域覆盖整个文件。\"}, {\"icon\": \"fa-play-circle\", \"text\": \"main()函数入口\", \"description\": \"每个C程序有且仅有一个main函数，是程序执行的起点，返回int类型表示运行状态。\"}]}');
INSERT INTO `pages` (`id`, `project_id`, `order_index`, `part`, `outline_content`, `description_content`, `generated_image_path`, `status`, `created_at`, `updated_at`, `layout_id`, `html_model`) VALUES ('d6658612-9429-462b-b172-b5a03ad7a440', '6d0119d3-3549-44b6-a953-388d881cc817', '6', '第二部分：基础入门', '{\"title\": \"数据类型与变量\", \"points\": [\"基本类型：int、float、double、char\", \"修饰符：short、long、signed、unsigned\", \"变量定义：类型名 变量名 = 初值;\", \"命名规则：字母/下划线开头，区分大小写，不可用关键字\", \"sizeof()查看类型字节数\"]}', NULL, NULL, 'HTML_MODEL_GENERATED', '2026-02-02 05:50:02.507964', '2026-02-02 05:52:51.577803', 'title_bullets', '{\"title\": \"数据类型与变量\", \"bullets\": [{\"icon\": \"fa-font\", \"text\": \"基本数据类型\", \"description\": \"int（整型）、float（单精度浮点）、double（双精度浮点）、char（字符型），决定变量存储形式与取值范围。\"}, {\"icon\": \"fa-sliders-h\", \"text\": \"类型修饰符\", \"description\": \"short/long 调整长度；signed/unsigned 控制符号位，如 unsigned int 可表示更大正数范围。\"}, {\"icon\": \"fa-code\", \"text\": \"变量定义语法\", \"description\": \"遵循「类型名 变量名 = 初值;」格式，如 int count = 0; char flag = \'Y\'; 未初始化值为随机。\"}, {\"icon\": \"fa-ruler-combined\", \"text\": \"内存占用与范围\", \"description\": \"不同平台有差异：通常 int 为4字节（-2147483648~2147483647），char 为1字节（-128~127 或 0~255）。\"}, {\"icon\": \"fa-exclamation-triangle\", \"text\": \"命名规范建议\", \"description\": \"使用有意义的英文标识符（如 studentAge），避免关键字，区分大小写，推荐小驼峰命名法。\"}]}');
INSERT INTO `pages` (`id`, `project_id`, `order_index`, `part`, `outline_content`, `description_content`, `generated_image_path`, `status`, `created_at`, `updated_at`, `layout_id`, `html_model`) VALUES ('76917829-45e3-4196-9535-9ae5bd99b6c2', '6d0119d3-3549-44b6-a953-388d881cc817', '7', '第三部分：核心语法', '{\"title\": \"运算符与表达式\", \"points\": [\"算术：+ - * / % ++ --\", \"关系：== != > < >= <=\", \"逻辑：&& || !\", \"赋值：= += -= *= /= %=\", \"条件运算符：exp ? a : b\"]}', NULL, NULL, 'HTML_MODEL_GENERATED', '2026-02-02 05:50:02.508202', '2026-02-02 05:52:53.847907', 'title_bullets', '{\"title\": \"运算符与表达式\", \"bullets\": [{\"icon\": \"fa-calculator\", \"text\": \"算术运算符\", \"description\": \"+ - * / % 用于数值计算；++ -- 实现自增/自减，注意前置与后置区别\"}, {\"icon\": \"fa-exchange-alt\", \"text\": \"关系运算符\", \"description\": \"== != > < >= <= 用于比较，结果为1（真）或0（假），常用于条件判断\"}, {\"icon\": \"fa-toggle-on\", \"text\": \"逻辑运算符\", \"description\": \"&&（与）、||（或）、!（非）组合布尔表达式，支持短路求值机制\"}, {\"icon\": \"fa-brain\", \"text\": \"运算符优先级\", \"description\": \"括号 > 算术 > 关系 > 逻辑 > 赋值；混合表达式须结合优先级与结合性理解\"}, {\"icon\": \"fa-code\", \"text\": \"表达式概念\", \"description\": \"由运算符和操作数组成的可求值式子，如 a + b > 5 || c == 0，有明确类型与值\"}, {\"icon\": \"fa-exclamation-triangle\", \"text\": \"常见陷阱提醒\", \"description\": \"避免混淆=（赋值）与==（相等）；%仅适用于整型；除零导致未定义行为\"}]}');
INSERT INTO `pages` (`id`, `project_id`, `order_index`, `part`, `outline_content`, `description_content`, `generated_image_path`, `status`, `created_at`, `updated_at`, `layout_id`, `html_model`) VALUES ('214d19f6-7deb-4cec-b432-e12ad2c1f191', '6d0119d3-3549-44b6-a953-388d881cc817', '8', '第三部分：核心语法', '{\"title\": \"输入与输出\", \"points\": [\"printf()：格式化输出（%d %f %c %s）\", \"scanf()：格式化输入（注意&取地址符）\", \"字符I/O：getchar()/putchar()\", \"常见陷阱：缓冲区残留、格式匹配错误\"]}', NULL, NULL, 'HTML_MODEL_GENERATED', '2026-02-02 05:50:02.508735', '2026-02-02 05:52:53.969079', 'title_bullets', '{\"title\": \"输入与输出\", \"bullets\": [{\"icon\": \"fa-print\", \"text\": \"printf()：格式化输出\", \"description\": \"支持%d（整数）、%f（浮点）、%c（字符）、%s（字符串）等转换说明符，需包含<stdio.h>\"}, {\"icon\": \"fa-keyboard\", \"text\": \"scanf()：格式化输入\", \"description\": \"读取用户输入时，变量前必须加&取地址符（如&num），否则导致未定义行为\"}, {\"icon\": \"fa-font\", \"text\": \"字符级I/O函数\", \"description\": \"getchar()读单字符（返回int），putchar()写单字符；无需格式符，效率高、适合简单交互\"}, {\"icon\": \"fa-exclamation-triangle\", \"text\": \"常见陷阱提醒\", \"description\": \"scanf()后残留换行符可能影响后续输入；建议用getchar()清理缓冲区或使用fgets()替代\"}, {\"icon\": \"fa-code\", \"text\": \"典型使用示例\", \"description\": \"int x; scanf(\\\"%d\\\", &x); printf(\\\"值为：%d\\\\n\\\", x); char c = getchar(); putchar(c);\"}]}');
INSERT INTO `pages` (`id`, `project_id`, `order_index`, `part`, `outline_content`, `description_content`, `generated_image_path`, `status`, `created_at`, `updated_at`, `layout_id`, `html_model`) VALUES ('134248e1-b6c8-408b-b1d1-b606101958a7', '6d0119d3-3549-44b6-a953-388d881cc817', '9', '第三部分：核心语法', '{\"title\": \"流程控制语句\", \"points\": [\"if-else分支选择\", \"switch-case多路分支（需break防穿透）\", \"while循环（先判断后执行）\", \"do-while循环（先执行后判断）\", \"for循环（初始化；条件；迭代）\"]}', NULL, NULL, 'HTML_MODEL_GENERATED', '2026-02-02 05:50:02.509133', '2026-02-02 05:52:50.470551', 'title_bullets', '{\"title\": \"流程控制语句\", \"bullets\": [{\"icon\": \"fa-code-branch\", \"text\": \"if-else分支选择\", \"description\": \"根据布尔表达式真假执行不同代码块，支持嵌套与else-if链\"}, {\"icon\": \"fa-sitemap\", \"text\": \"switch-case多路分支\", \"description\": \"适用于整型/字符型常量匹配；每个case后需break防止穿透执行\"}, {\"icon\": \"fa-sync-alt\", \"text\": \"while循环（先判断后执行）\", \"description\": \"条件为真时重复执行循环体；首次不满足则一次都不执行\"}]}');
INSERT INTO `pages` (`id`, `project_id`, `order_index`, `part`, `outline_content`, `description_content`, `generated_image_path`, `status`, `created_at`, `updated_at`, `layout_id`, `html_model`) VALUES ('35a5ab8f-9895-41c4-a1ff-f5b0f50f0630', '6d0119d3-3549-44b6-a953-388d881cc817', '10', '第三部分：核心语法', '{\"title\": \"数组与字符串\", \"points\": [\"一维数组：int arr[5] = {1,2,3};\", \"数组名即首地址，下标从0开始\", \"字符串本质是char数组，以\'\\\\0\'结尾\", \"常用函数：strlen()、strcpy()、strcat()、strcmp()\", \"字符数组 vs 字符指针区别\"]}', NULL, NULL, 'HTML_MODEL_GENERATED', '2026-02-02 05:50:02.509331', '2026-02-02 05:52:40.173981', 'title_bullets', '{\"title\": \"数组与字符串\", \"bullets\": [{\"icon\": \"fa-table\", \"text\": \"一维数组定义与初始化\", \"description\": \"int arr[5] = {1,2,3}; 未显式赋值元素自动初始化为0\"}, {\"icon\": \"fa-hashtag\", \"text\": \"数组下标从0开始\", \"description\": \"arr[0]是首元素，arr[4]是末元素；越界访问无编译错误但行为未定义\"}, {\"icon\": \"fa-link\", \"text\": \"数组名即首地址\", \"description\": \"arr等价于&arr[0]，类型为int*；sizeof(arr)返回整个数组字节数\"}, {\"icon\": \"fa-font\", \"text\": \"字符串本质是char数组\", \"description\": \"如char s[] = \\\"abc\\\"; 实际存储为{\'a\',\'b\',\'c\',\'\\\\0\'}，共4字节\"}, {\"icon\": \"fa-terminal\", \"text\": \"以\'\\\\0\'作为字符串结束标志\", \"description\": \"printf(\\\"%s\\\", s)依赖\'\\\\0\'判断结尾；手动操作字符串时务必保留该终止符\"}, {\"icon\": \"fa-exclamation-triangle\", \"text\": \"常见陷阱提醒\", \"description\": \"字符数组未预留\'\\\\0\'空间、用==比较字符串（应使用strcmp）、gets()已废弃\"}]}');
INSERT INTO `pages` (`id`, `project_id`, `order_index`, `part`, `outline_content`, `description_content`, `generated_image_path`, `status`, `created_at`, `updated_at`, `layout_id`, `html_model`) VALUES ('c8966975-381a-4357-ab4a-b101e35cff30', '6d0119d3-3549-44b6-a953-388d881cc817', '11', '第三部分：核心语法', '{\"title\": \"函数定义与调用\", \"points\": [\"函数三要素：返回类型、函数名、参数列表\", \"函数声明（原型）与定义分离\", \"形参传值 vs 地址传递（指针）\", \"局部变量与全局变量作用域\", \"递归函数示例：求阶乘\"]}', NULL, NULL, 'HTML_MODEL_GENERATED', '2026-02-02 05:50:02.509535', '2026-02-02 05:52:40.472201', 'title_bullets', '{\"title\": \"函数定义与调用\", \"bullets\": [{\"icon\": \"fa-code\", \"text\": \"函数三要素：返回类型、函数名、参数列表\", \"description\": \"例如 int add(int a, int b) 中，int 是返回类型，add 是函数名，(int a, int b) 是参数列表\"}, {\"icon\": \"fa-file-alt\", \"text\": \"函数声明（原型）与定义分离\", \"description\": \"声明在头文件或主函数前（如 int max(int, int);），定义在后（含函数体），实现模块化与代码复用\"}, {\"icon\": \"fa-exchange-alt\", \"text\": \"形参传值：实参副本，修改不影响原变量\", \"description\": \"C语言默认按值传递，函数内对形参的修改仅作用于栈上副本，调用结束后即销毁\"}, {\"icon\": \"fa-link\", \"text\": \"地址传递：通过指针实现双向通信\", \"description\": \"将实参地址传入（如 swap(&x, &y)），函数内解引用 *p 修改原始内存，支持多值返回与大对象高效传递\"}]}');
INSERT INTO `pages` (`id`, `project_id`, `order_index`, `part`, `outline_content`, `description_content`, `generated_image_path`, `status`, `created_at`, `updated_at`, `layout_id`, `html_model`) VALUES ('ece506de-60c5-4305-a7bf-0e3b509c26e3', '6d0119d3-3549-44b6-a953-388d881cc817', '12', '第四部分：进阶概念', '{\"title\": \"指针基础\", \"points\": [\"指针是存储地址的变量：int *p;\", \"取地址符 & 和解引用符 *\", \"指针与数组关系：arr ≡ &arr[0]\", \"指针运算：p++, p+i, *(p+i)\", \"空指针NULL与野指针防范\"]}', NULL, NULL, 'HTML_MODEL_GENERATED', '2026-02-02 05:50:02.509754', '2026-02-02 05:52:40.523733', 'title_bullets', '{\"title\": \"指针基础\", \"bullets\": [{\"icon\": \"fa-arrow-right\", \"text\": \"指针是存储地址的变量\", \"description\": \"声明形式：int *p; 其中 * 表示 p 是指向 int 类型的指针变量\"}, {\"icon\": \"fa-hashtag\", \"text\": \"取地址符 & 获取变量地址\", \"description\": \"&a 返回变量 a 在内存中的起始地址，类型为 int*（假设 a 为 int）\"}, {\"icon\": \"fa-unlink\", \"text\": \"解引用符 * 访问所指内容\", \"description\": \"*p 表示读取或修改 p 所存储地址处的值，需确保 p 已初始化且有效\"}, {\"icon\": \"fa-th-list\", \"text\": \"数组名等价于首元素地址\", \"description\": \"arr ≡ &arr[0]，两者类型均为 int*（一维 int 数组），均可作指针使用\"}, {\"icon\": \"fa-exchange-alt\", \"text\": \"指针与数组可相互替代\", \"description\": \"p = arr; 等价于 p = &arr[0]; 后续可用 p[i] 或 *(p+i) 访问数组元素\"}, {\"icon\": \"fa-exclamation-triangle\", \"text\": \"关键安全提醒\", \"description\": \"使用指针前必须初始化（如 p = &a 或 p = malloc(...)），避免野指针和空指针解引用\"}]}');
INSERT INTO `pages` (`id`, `project_id`, `order_index`, `part`, `outline_content`, `description_content`, `generated_image_path`, `status`, `created_at`, `updated_at`, `layout_id`, `html_model`) VALUES ('400d7fb7-283c-4fd9-b312-215496ce066e', '6d0119d3-3549-44b6-a953-388d881cc817', '13', '第四部分：进阶概念', '{\"title\": \"结构体入门\", \"points\": [\"自定义复合类型：struct Student { char name[20]; int age; };\", \"定义变量：struct Student s1;\", \"成员访问：s1.age 或 (*ps).age 或 ps->age\", \"结构体数组与指针\", \"typedef简化结构体使用\"]}', NULL, NULL, 'HTML_MODEL_GENERATED', '2026-02-02 05:50:02.509959', '2026-02-02 05:52:38.703009', 'title_bullets', '{\"title\": \"结构体入门\", \"bullets\": [{\"icon\": \"fa-cube\", \"text\": \"自定义复合类型\", \"description\": \"struct Student { char name[20]; int age; }; —— 将不同数据类型封装为一个逻辑整体\"}, {\"icon\": \"fa-user\", \"text\": \"结构体变量定义\", \"description\": \"struct Student s1; 或 struct Student s1 = {\\\"张三\\\", 20}; —— 声明并可选初始化实例\"}, {\"icon\": \"fa-arrow-right\", \"text\": \"点运算符访问成员\", \"description\": \"s1.age、s1.name —— 直接通过变量名访问其内部成员，最常用且直观\"}, {\"icon\": \"fa-code\", \"text\": \"指针解引用访问\", \"description\": \"(*ps).age —— 当ps为struct Student*类型时，先解引用再用点号访问\"}, {\"icon\": \"fa-long-arrow-alt-right\", \"text\": \"箭头运算符快捷访问\", \"description\": \"ps->age —— 等价于(*ps).age，专用于结构体指针，更简洁安全\"}]}');
INSERT INTO `pages` (`id`, `project_id`, `order_index`, `part`, `outline_content`, `description_content`, `generated_image_path`, `status`, `created_at`, `updated_at`, `layout_id`, `html_model`) VALUES ('bbe722ad-8df6-49e0-9f8d-75e3720e62f0', '6d0119d3-3549-44b6-a953-388d881cc817', '14', '第四部分：进阶概念', '{\"title\": \"文件操作简介\", \"points\": [\"FILE *fp; —— 文件指针类型\", \"打开：fopen(\\\"file.txt\\\", \\\"r/w/a\\\")\", \"读写：fscanf()/fprintf(), fgets()/fputs(), fread()/fwrite()\", \"关闭：fclose(fp)\", \"错误检查：fp == NULL判断\"]}', NULL, NULL, 'HTML_MODEL_GENERATED', '2026-02-02 05:50:02.510248', '2026-02-02 05:52:42.076099', 'title_bullets', '{\"title\": \"文件操作简介\", \"bullets\": [{\"icon\": \"fa-file-alt\", \"text\": \"文件指针类型声明\", \"description\": \"FILE *fp; —— FILE是标准库定义的结构体类型，fp用于指向被打开的文件\"}, {\"icon\": \"fa-folder-open\", \"text\": \"文件打开与模式\", \"description\": \"fopen(\\\"file.txt\\\", \\\"r\\\")以只读方式打开；\\\"w\\\"覆盖写入；\\\"a\\\"追加写入；失败返回NULL\"}, {\"icon\": \"fa-download\", \"text\": \"格式化读取/写入\", \"description\": \"fscanf(fp, \\\"%d%s\\\", &n, str)从文件读取；fprintf(fp, \\\"%s: %d\\\\n\\\", name, score)向文件写入\"}, {\"icon\": \"fa-align-left\", \"text\": \"行级字符串读写\", \"description\": \"fgets(buf, size, fp)安全读一行（含换行符）；fputs(str, fp)写字符串不自动加换行\"}, {\"icon\": \"fa-hdd\", \"text\": \"二进制块读写\", \"description\": \"fread(ptr, size, count, fp)和fwrite(ptr, size, count, fp)高效处理结构体等二进制数据\"}, {\"icon\": \"fa-times-circle\", \"text\": \"资源管理规范\", \"description\": \"操作完成后必须调用fclose(fp)释放文件句柄；多次打开需确保一一对应关闭，避免资源泄漏\"}]}');
INSERT INTO `pages` (`id`, `project_id`, `order_index`, `part`, `outline_content`, `description_content`, `generated_image_path`, `status`, `created_at`, `updated_at`, `layout_id`, `html_model`) VALUES ('fc570d37-d149-40c1-a8c6-bcbccf0206cc', '6d0119d3-3549-44b6-a953-388d881cc817', '15', '第五部分：实训环节', '{\"title\": \"实训1：学生成绩管理系统（基础版）\", \"points\": [\"功能：录入3名学生姓名、学号、三科成绩\", \"计算每人的总分与平均分\", \"按平均分降序排序并输出\", \"技术点：结构体、数组、函数封装、排序算法（冒泡）\"]}', NULL, NULL, 'HTML_MODEL_GENERATED', '2026-02-02 05:50:02.510522', '2026-02-02 05:52:38.696010', 'title_bullets', '{\"title\": \"实训1：学生成绩管理系统（基础版）\", \"bullets\": [{\"icon\": \"fa-user-graduate\", \"text\": \"功能目标\", \"description\": \"录入3名学生姓名、学号及语文、数学、英语三科成绩\"}, {\"icon\": \"fa-calculator\", \"text\": \"成绩计算\", \"description\": \"为每位学生自动计算总分与算术平均分（保留1位小数）\"}, {\"icon\": \"fa-sort-amount-down\", \"text\": \"排序输出\", \"description\": \"按平均分从高到低降序排列，输出完整成绩单\"}, {\"icon\": \"fa-code\", \"text\": \"核心知识点\", \"description\": \"综合运用结构体（封装学生信息）、数组（存储3名学生）、函数（模块化设计）\"}, {\"icon\": \"fa-bug\", \"text\": \"关键难点提示\", \"description\": \"注意输入缓冲区清理（如fflush(stdin)或getchar()），避免scanf残留换行符干扰\"}]}');
INSERT INTO `pages` (`id`, `project_id`, `order_index`, `part`, `outline_content`, `description_content`, `generated_image_path`, `status`, `created_at`, `updated_at`, `layout_id`, `html_model`) VALUES ('00b35670-e49b-49a2-aef9-02cf08dfac81', '6d0119d3-3549-44b6-a953-388d881cc817', '16', '第五部分：实训环节', '{\"title\": \"实训2：简易计算器\", \"points\": [\"支持 + - * / % 四则运算及括号（基础版）\", \"输入字符串表达式，解析并计算结果\", \"技术点：字符处理、switch分支、简单状态机\", \"扩展思考：如何支持浮点数与多位数？\"]}', NULL, NULL, 'HTML_MODEL_GENERATED', '2026-02-02 05:50:02.510811', '2026-02-02 05:52:45.498368', 'title_bullets', '{\"title\": \"实训2：简易计算器\", \"bullets\": [{\"icon\": \"fa-calculator\", \"text\": \"功能目标\", \"description\": \"支持+ - * / %四则运算及圆括号，实现字符串表达式求值\"}, {\"icon\": \"fa-keyboard\", \"text\": \"输入输出方式\", \"description\": \"用户输入如\\\"3*(4+2)-8%3\\\"字符串，程序解析并输出数值结果\"}, {\"icon\": \"fa-code\", \"text\": \"核心算法思路\", \"description\": \"基于简单状态机：逐字符扫描，区分数字、运算符、括号，维护操作数栈与运算符栈\"}, {\"icon\": \"fa-brain\", \"text\": \"关键技术点\", \"description\": \"字符遍历与类型判断、switch处理多运算符分支、整型/浮点数转换、括号递归或栈匹配\"}, {\"icon\": \"fa-bug\", \"text\": \"典型难点提示\", \"description\": \"负数识别（如\\\"-5\\\"）、连续运算符处理（如\\\"3+-2\\\"）、除零检查、字符串转整数健壮性\"}]}');
INSERT INTO `pages` (`id`, `project_id`, `order_index`, `part`, `outline_content`, `description_content`, `generated_image_path`, `status`, `created_at`, `updated_at`, `layout_id`, `html_model`) VALUES ('c5bbe015-96ff-49a9-8025-71fc950b5856', '6d0119d3-3549-44b6-a953-388d881cc817', '17', '第五部分：实训环节', '{\"title\": \"常见错误与调试技巧\", \"points\": [\"编译错误：缺少分号、括号不匹配、未声明函数\", \"运行时错误：数组越界、空指针解引用、栈溢出\", \"调试方法：printf调试法、GDB基础命令（run/break/print/next）\", \"使用-Wall开启全部警告\"]}', NULL, NULL, 'HTML_MODEL_GENERATED', '2026-02-02 05:50:02.511117', '2026-02-02 05:52:47.298069', 'title_bullets', '{\"title\": \"常见错误与调试技巧\", \"bullets\": [{\"icon\": \"fa-exclamation-triangle\", \"text\": \"编译错误：分号缺失、括号不匹配、函数未声明\", \"description\": \"编译器报错行号明确，需逐行检查语法规范，尤其注意花括号配对和函数调用前的声明。\"}, {\"icon\": \"fa-bug\", \"text\": \"运行时错误：数组越界、空指针解引用、栈溢出\", \"description\": \"程序能编译但异常崩溃；越界访问内存、解引用NULL指针、递归过深或大数组局部定义易致栈溢出。\"}, {\"icon\": \"fa-terminal\", \"text\": \"printf调试法：插桩输出关键变量值与执行路径\", \"description\": \"在可疑代码段前后添加printf打印变量/状态，快速定位逻辑偏差，适用于简单场景和嵌入式环境。\"}, {\"icon\": \"fa-globe-americas\", \"text\": \"GDB基础命令：run启动、break设断点、print查变量\", \"description\": \"使用gdb ./a.out加载程序；break main设置入口断点；print i查看变量；next单步执行（不进函数）。\"}, {\"icon\": \"fa-step-forward\", \"text\": \"GDB进阶技巧：continue继续、bt看调用栈、info registers\", \"description\": \"continue恢复执行至下一断点；bt显示崩溃时函数调用链；info registers辅助分析寄存器状态。\"}]}');
INSERT INTO `pages` (`id`, `project_id`, `order_index`, `part`, `outline_content`, `description_content`, `generated_image_path`, `status`, `created_at`, `updated_at`, `layout_id`, `html_model`) VALUES ('63a149cb-548a-4ecb-98e8-926c1c74b911', '6d0119d3-3549-44b6-a953-388d881cc817', '18', '第六部分：总结与展望', '{\"title\": \"本课程重点回顾\", \"points\": [\"C语言语法骨架：变量→运算→控制流→函数→指针→结构体\", \"编程思维培养：分解问题、模块化设计、边界检查\", \"工程习惯：规范命名、清晰注释、错误处理\", \"调试能力比代码量更重要\"]}', NULL, NULL, 'HTML_MODEL_GENERATED', '2026-02-02 05:50:02.511360', '2026-02-02 05:52:44.147200', 'title_bullets', '{\"title\": \"本课程重点回顾\", \"bullets\": [{\"icon\": \"fa-skeleton\", \"text\": \"C语言语法骨架\", \"description\": \"变量→运算→控制流→函数→指针→结构体，层层递进构建编程能力基石\"}, {\"icon\": \"fa-brain\", \"text\": \"编程思维培养\", \"description\": \"掌握问题分解、模块化设计与边界检查，提升逻辑严谨性与鲁棒性\"}, {\"icon\": \"fa-tools\", \"text\": \"工程习惯养成\", \"description\": \"坚持规范命名、清晰注释、健壮错误处理，为真实项目开发奠基\"}]}');
INSERT INTO `pages` (`id`, `project_id`, `order_index`, `part`, `outline_content`, `description_content`, `generated_image_path`, `status`, `created_at`, `updated_at`, `layout_id`, `html_model`) VALUES ('acdfe521-7894-4b0f-9e61-c516c0029561', '6d0119d3-3549-44b6-a953-388d881cc817', '19', '第六部分：总结与展望', '{\"title\": \"下一步学习建议\", \"points\": [\"深入：《C Primer Plus》《C和指针》\", \"实践：LeetCode简单题、开源小项目（如简易shell）\", \"拓展：学习数据结构（链表/栈/队列）与算法\", \"进阶方向：嵌入式开发、操作系统原理、逆向分析\"]}', NULL, NULL, 'HTML_MODEL_GENERATED', '2026-02-02 05:50:02.511675', '2026-02-02 05:52:43.964710', 'title_bullets', '{\"title\": \"下一步学习建议\", \"bullets\": [{\"icon\": \"fa-book\", \"text\": \"深入系统学习\", \"description\": \"精读《C Primer Plus》夯实基础，辅以《C和指针》攻克核心难点，建立扎实的底层认知体系。\"}, {\"icon\": \"fa-code\", \"text\": \"坚持动手实践\", \"description\": \"每日1道LeetCode简单题巩固语法；参与开源小项目（如简易shell），提升工程能力与调试经验。\"}, {\"icon\": \"fa-sitemap\", \"text\": \"拓展数据结构\", \"description\": \"系统学习链表、栈、队列等线性结构，理解内存布局与操作逻辑，为算法进阶打下坚实基础。\"}]}');
INSERT INTO `pages` (`id`, `project_id`, `order_index`, `part`, `outline_content`, `description_content`, `generated_image_path`, `status`, `created_at`, `updated_at`, `layout_id`, `html_model`) VALUES ('8e61d16d-00c2-4cfc-9d33-2570837c463a', '6d0119d3-3549-44b6-a953-388d881cc817', '20', '第六部分：总结与展望', '{\"title\": \"谢谢聆听！\", \"points\": []}', NULL, NULL, 'HTML_MODEL_GENERATED', '2026-02-02 05:50:02.511997', '2026-02-02 05:52:43.499872', 'ending', '{\"title\": \"谢谢聆听！\", \"subtitle\": \"C语言入门教程圆满结束\", \"contact\": \"邮箱：teacher@cprogramming.edu | 微信：C_Tutor\"}');
INSERT INTO `pages` (`id`, `project_id`, `order_index`, `part`, `outline_content`, `description_content`, `generated_image_path`, `status`, `created_at`, `updated_at`, `layout_id`, `html_model`) VALUES ('5dc613ca-1e16-4424-bd89-e43168542f9b', '0da568a3-0754-4b90-9d37-17429a5c996b', '0', NULL, '{\"title\": \"C语言教学入门\", \"points\": []}', NULL, NULL, 'HTML_MODEL_GENERATED', '2026-02-02 06:03:21.318243', '2026-02-02 06:03:29.168419', 'cover', '{\"title\": \"C语言教学入门\", \"subtitle\": \"夯实编程基础，迈向系统开发\", \"author\": \"计算机基础教研组\", \"department\": \"信息技术学院\", \"date\": \"2024年\"}');
INSERT INTO `pages` (`id`, `project_id`, `order_index`, `part`, `outline_content`, `description_content`, `generated_image_path`, `status`, `created_at`, `updated_at`, `layout_id`, `html_model`) VALUES ('acb9d9d5-b152-4993-9b65-70df370db630', '0da568a3-0754-4b90-9d37-17429a5c996b', '1', NULL, '{\"title\": \"课程目录\", \"points\": [\"C语言概述与开发环境\", \"基础语法与数据类型\", \"控制结构与函数\", \"数组、指针与字符串\", \"文件操作与综合实训\", \"总结与答疑\"]}', NULL, NULL, 'HTML_MODEL_GENERATED', '2026-02-02 06:03:21.320011', '2026-02-02 06:03:29.959328', 'toc', '{\"title\": \"课程目录\", \"items\": [{\"index\": 1, \"text\": \"C语言概述与开发环境\"}, {\"index\": 2, \"text\": \"基础语法与数据类型\"}, {\"index\": 3, \"text\": \"控制结构与函数\"}, {\"index\": 4, \"text\": \"数组、指针与字符串\"}, {\"index\": 5, \"text\": \"文件操作与综合实训\"}, {\"index\": 6, \"text\": \"常见错误与调试技巧\"}]}');
INSERT INTO `pages` (`id`, `project_id`, `order_index`, `part`, `outline_content`, `description_content`, `generated_image_path`, `status`, `created_at`, `updated_at`, `layout_id`, `html_model`) VALUES ('08230dc1-4711-4f9b-ba71-ed00efaa12f8', '0da568a3-0754-4b90-9d37-17429a5c996b', '2', '第一部分：C语言基础', '{\"title\": \"C语言概述与开发环境\", \"points\": [\"C语言的历史与特点\", \"主流编译器介绍（GCC、Dev-C++、VS Code+MinGW）\", \"第一个程序：Hello World详解\", \"实训1：环境搭建与程序编译运行\"]}', NULL, NULL, 'HTML_MODEL_GENERATED', '2026-02-02 06:03:21.320422', '2026-02-02 06:03:34.976614', 'title_bullets', '{\"title\": \"C语言概述与开发环境\", \"bullets\": [{\"icon\": \"fa-history\", \"text\": \"C语言的历史与特点\", \"description\": \"1972年诞生于贝尔实验室，兼具高级语言表达力与低级语言操控性；强调简洁、高效、可移植、贴近硬件。\"}, {\"icon\": \"fa-cogs\", \"text\": \"GCC编译器\", \"description\": \"开源标准编译器（GNU Compiler Collection），支持多平台，命令行驱动，Linux/macOS主流选择。\"}, {\"icon\": \"fa-desktop\", \"text\": \"Dev-C++集成环境\", \"description\": \"轻量级Windows IDE，内置MinGW-GCC，适合初学者快速编译调试，界面简洁、启动迅速。\"}, {\"icon\": \"fa-code\", \"text\": \"VS Code + MinGW组合\", \"description\": \"现代高效开发方案：VS Code提供智能编辑与调试，MinGW提供本地编译能力，跨平台可扩展性强。\"}, {\"icon\": \"fa-file-code\", \"text\": \"Hello World程序结构\", \"description\": \"包含预处理指令（#include）、主函数（main）、标准输出（printf）和返回值（return 0），体现C程序基本骨架。\"}, {\"icon\": \"fa-terminal\", \"text\": \"编译执行流程详解\", \"description\": \"源码→预处理→编译→汇编→链接→可执行文件；以gcc hello.c -o hello为例，分步理解构建全过程。\"}]}');
INSERT INTO `pages` (`id`, `project_id`, `order_index`, `part`, `outline_content`, `description_content`, `generated_image_path`, `status`, `created_at`, `updated_at`, `layout_id`, `html_model`) VALUES ('0f9d3459-4dba-4ee5-a451-27c4fc00cd9e', '0da568a3-0754-4b90-9d37-17429a5c996b', '3', '第一部分：C语言基础', '{\"title\": \"基础语法与数据类型\", \"points\": [\"标识符、关键字与注释规范\", \"整型、浮点型、字符型与布尔型\", \"常量与变量声明及初始化\", \"运算符与表达式（算术、关系、逻辑、位运算）\", \"实训2：简单计算器实现\"]}', NULL, NULL, 'HTML_MODEL_GENERATED', '2026-02-02 06:03:21.320776', '2026-02-02 06:03:36.506472', 'title_bullets', '{\"title\": \"基础语法与数据类型\", \"bullets\": [{\"icon\": \"fa-font\", \"text\": \"标识符、关键字与注释规范\", \"description\": \"标识符需以字母或下划线开头；32个C关键字不可用作变量名；支持//单行与/* */多行注释。\"}, {\"icon\": \"fa-hashtag\", \"text\": \"整型、浮点型、字符型与布尔型\", \"description\": \"int/long（整型）、float/double（浮点型）、char（1字节字符）、_Bool或bool（C99起支持，值为0或1）。\"}, {\"icon\": \"fa-circle-dot\", \"text\": \"常量声明方式多样\", \"description\": \"字面常量（如123、3.14）、符号常量（#define PI 3.14）、枚举常量（enum {RED, GREEN}）均不可修改。\"}, {\"icon\": \"fa-variable\", \"text\": \"变量声明与初始化\", \"description\": \"格式：类型名 变量名 [= 初始值]；未初始化的局部变量值不确定，全局/静态变量默认初始化为0。\"}, {\"icon\": \"fa-code\", \"text\": \"类型修饰符灵活组合\", \"description\": \"可搭配signed/unsigned、short/long修饰整型；如unsigned long int、long double提升精度与范围。\"}, {\"icon\": \"fa-info-circle\", \"text\": \"数据类型大小与范围依赖平台\", \"description\": \"使用sizeof()和<limits.h>、<float.h>头文件获取具体实现细节，确保跨平台代码健壮性。\"}]}');
INSERT INTO `pages` (`id`, `project_id`, `order_index`, `part`, `outline_content`, `description_content`, `generated_image_path`, `status`, `created_at`, `updated_at`, `layout_id`, `html_model`) VALUES ('1f739a89-1699-48d1-9c2f-224a668c99d3', '0da568a3-0754-4b90-9d37-17429a5c996b', '4', '第二部分：程序控制与模块化', '{\"title\": \"控制结构与函数\", \"points\": [\"if-else、switch多分支选择\", \"while、do-while、for循环\", \"break、continue与goto（慎用）\", \"函数定义、声明、调用与参数传递\", \"实训3：成绩等级判定与阶乘计算\"]}', NULL, NULL, 'HTML_MODEL_GENERATED', '2026-02-02 06:03:21.321063', '2026-02-02 06:03:32.443077', 'title_bullets', '{\"title\": \"控制结构与函数\", \"bullets\": [{\"icon\": \"fa-code\", \"text\": \"if-else与switch多分支选择\", \"description\": \"掌握条件判断逻辑：if-else实现二选一，switch优化等值多路分支，注意break防穿透\"}, {\"icon\": \"fa-sync-alt\", \"text\": \"while、do-while与for循环\", \"description\": \"while先判后执，do-while至少执行一次，for适合已知迭代次数的场景，三要素（初始化/条件/更新）缺一不可\"}, {\"icon\": \"fa-ban\", \"text\": \"break与continue控制流\", \"description\": \"break立即退出当前循环或switch；continue跳过本次循环剩余语句，直接进入下一次迭代\"}, {\"icon\": \"fa-exclamation-triangle\", \"text\": \"goto语句：慎用但需理解\", \"description\": \"可实现无条件跳转，易破坏结构化编程；仅限特定场景（如错误统一清理），须配注释说明用途\"}]}');
INSERT INTO `pages` (`id`, `project_id`, `order_index`, `part`, `outline_content`, `description_content`, `generated_image_path`, `status`, `created_at`, `updated_at`, `layout_id`, `html_model`) VALUES ('036801b3-8d78-48fa-bf53-504efeccaba1', '0da568a3-0754-4b90-9d37-17429a5c996b', '5', '第二部分：程序控制与模块化', '{\"title\": \"数组、指针与字符串\", \"points\": [\"一维/二维数组定义与遍历\", \"指针概念、取址与解引用\", \"指针与数组的关系\", \"字符串处理函数（strlen、strcpy、strcat等）\", \"实训4：学生成绩统计与字符串反转\"]}', NULL, NULL, 'HTML_MODEL_GENERATED', '2026-02-02 06:03:21.321316', '2026-02-02 06:03:32.833045', 'title_bullets', '{\"title\": \"数组、指针与字符串\", \"bullets\": [{\"icon\": \"fa-table\", \"text\": \"一维/二维数组定义与遍历\", \"description\": \"掌握 int arr[5] 和 int mat[3][4] 声明方式；熟练使用 for 循环遍历，注意下标越界防护。\"}, {\"icon\": \"fa-mouse-pointer\", \"text\": \"指针概念、取址与解引用\", \"description\": \"指针是存储地址的变量；& 取地址，* 解引用；声明如 int *p = &a；强调类型匹配与初始化必要性。\"}, {\"icon\": \"fa-link\", \"text\": \"指针与数组的关系\", \"description\": \"数组名是首元素地址常量；arr[i] 等价于 *(arr + i)；指针可作数组名使用，支持算术运算与遍历。\"}]}');
INSERT INTO `pages` (`id`, `project_id`, `order_index`, `part`, `outline_content`, `description_content`, `generated_image_path`, `status`, `created_at`, `updated_at`, `layout_id`, `html_model`) VALUES ('5785b6ad-14fd-4adb-a195-46d283bccd9a', '0da568a3-0754-4b90-9d37-17429a5c996b', '6', '第三部分：进阶应用与实训', '{\"title\": \"文件操作与综合实训\", \"points\": [\"文件打开/关闭（fopen/fclose）\", \"文本文件读写（fscanf/fprintf）\", \"二进制文件操作（fread/fwrite）\", \"实训5：学生信息管理系统（增删查存）\", \"实训6：简易通讯录项目实战\"]}', NULL, NULL, 'HTML_MODEL_GENERATED', '2026-02-02 06:03:21.321614', '2026-02-02 06:03:34.269902', 'title_bullets', '{\"title\": \"文件操作与综合实训\", \"bullets\": [{\"icon\": \"fa-file-alt\", \"text\": \"文件打开/关闭（fopen/fclose）\", \"description\": \"掌握文件指针、打开模式（r/w/a/b）、错误检查及资源释放规范\"}, {\"icon\": \"fa-font\", \"text\": \"文本文件读写（fscanf/fprintf）\", \"description\": \"按格式化字符串读写，注意换行符处理、缓冲区安全与返回值校验\"}, {\"icon\": \"fa-database\", \"text\": \"二进制文件操作（fread/fwrite）\", \"description\": \"以字节块方式高效存取结构体等数据，规避编码与换行转换问题\"}, {\"icon\": \"fa-code\", \"text\": \"文件操作典型流程\", \"description\": \"fopen → 错误判断 → 读写操作 → fclose，严禁遗漏关闭导致资源泄漏\"}, {\"icon\": \"fa-laptop-code\", \"text\": \"综合实训任务示例\", \"description\": \"学生成绩管理：文本录入→二进制存储→查询统计→结果导出\"}]}');
INSERT INTO `pages` (`id`, `project_id`, `order_index`, `part`, `outline_content`, `description_content`, `generated_image_path`, `status`, `created_at`, `updated_at`, `layout_id`, `html_model`) VALUES ('7a3b8b7e-3bec-44cc-a00f-df2877e23a50', '0da568a3-0754-4b90-9d37-17429a5c996b', '7', '第三部分：进阶应用与实训', '{\"title\": \"常见错误与调试技巧\", \"points\": [\"编译错误、链接错误与运行时错误辨析\", \"使用printf调试与断点调试入门\", \"内存泄漏与野指针预防\", \"代码风格与注释规范建议\"]}', NULL, NULL, 'HTML_MODEL_GENERATED', '2026-02-02 06:03:21.322116', '2026-02-02 06:03:36.668230', 'title_bullets', '{\"title\": \"常见错误与调试技巧\", \"bullets\": [{\"icon\": \"fa-exclamation-triangle\", \"text\": \"三类错误精准辨析\", \"description\": \"编译错误（语法/头文件缺失）、链接错误（函数未定义/多重定义）、运行时错误（段错误/除零）\"}, {\"icon\": \"fa-bug\", \"text\": \"printf调试法实战\", \"description\": \"在关键路径插入带变量值的printf，配合fflush(stdout)确保即时输出，快速定位逻辑异常点\"}, {\"icon\": \"fa-crosshairs\", \"text\": \"断点调试入门\", \"description\": \"在IDE（如VS Code+GDB）中设置断点→单步执行→观察变量/调用栈，掌握Step Over/Into/Out核心操作\"}, {\"icon\": \"fa-shield-alt\", \"text\": \"内存泄漏预防策略\", \"description\": \"malloc/calloc后必配free；使用valgrind检测未释放内存；养成‘谁分配、谁释放’的编码习惯\"}, {\"icon\": \"fa-skull-crossbones\", \"text\": \"野指针根源与规避\", \"description\": \"避免使用未初始化/已释放指针；free后立即置NULL；启用编译器警告（-Wall -Wextra）捕获潜在风险\"}]}');
INSERT INTO `pages` (`id`, `project_id`, `order_index`, `part`, `outline_content`, `description_content`, `generated_image_path`, `status`, `created_at`, `updated_at`, `layout_id`, `html_model`) VALUES ('8c1d98cb-74c3-41ec-b2c5-14ca65b44146', '0da568a3-0754-4b90-9d37-17429a5c996b', '8', NULL, '{\"title\": \"课程总结\", \"points\": [\"C语言核心知识图谱回顾\", \"从语法到工程能力的成长路径\", \"后续学习建议（数据结构、嵌入式、算法）\", \"Q&A环节\"]}', NULL, NULL, 'HTML_MODEL_GENERATED', '2026-02-02 06:03:21.322387', '2026-02-02 06:03:38.474912', 'title_bullets', '{\"title\": \"课程总结\", \"bullets\": [{\"icon\": \"fa-sitemap\", \"text\": \"C语言核心知识图谱回顾\", \"description\": \"系统梳理语法基础、内存模型、指针机制与文件I/O等关键模块，构建结构化知识网络。\"}, {\"icon\": \"fa-road\", \"text\": \"从语法到工程能力的成长路径\", \"description\": \"以Hello World为起点，经实训项目锤炼，逐步掌握调试、模块化设计与代码健壮性保障能力。\"}, {\"icon\": \"fa-graduation-cap\", \"text\": \"后续学习建议：数据结构\", \"description\": \"深入链表、栈、队列、树等经典结构，夯实算法实现与内存管理双重基础。\"}, {\"icon\": \"fa-microchip\", \"text\": \"后续学习建议：嵌入式开发\", \"description\": \"结合STM32或Arduino平台，实践寄存器操作、中断处理与外设驱动开发。\"}, {\"icon\": \"fa-brain\", \"text\": \"后续学习建议：算法进阶\", \"description\": \"聚焦时间/空间复杂度分析，掌握排序、查找、递归及动态规划等核心算法思想。\"}]}');
INSERT INTO `pages` (`id`, `project_id`, `order_index`, `part`, `outline_content`, `description_content`, `generated_image_path`, `status`, `created_at`, `updated_at`, `layout_id`, `html_model`) VALUES ('46f3d407-08e2-4068-8455-5442b2a49fcb', '0da568a3-0754-4b90-9d37-17429a5c996b', '9', NULL, '{\"title\": \"谢谢聆听！\", \"points\": []}', NULL, NULL, 'HTML_MODEL_GENERATED', '2026-02-02 06:03:21.322619', '2026-02-02 06:03:33.849814', 'ending', '{\"title\": \"谢谢聆听！\", \"subtitle\": \"C语言教学入门课程圆满结束\", \"contact\": \"邮箱：teacher@cprogramming.edu.cn\"}');
COMMIT;

-- ----------------------------
-- Table structure for preset_styles
-- ----------------------------
DROP TABLE IF EXISTS `preset_styles`;
CREATE TABLE `preset_styles` (
  `id` int unsigned NOT NULL AUTO_INCREMENT,
  `name` varchar(255) CHARACTER SET utf8mb4 COLLATE utf8mb4_general_ci DEFAULT NULL COMMENT '风格名称',
  `description` text CHARACTER SET utf8mb4 COLLATE utf8mb4_general_ci COMMENT '描述',
  `previewImage` varchar(255) CHARACTER SET utf8mb4 COLLATE utf8mb4_general_ci DEFAULT NULL COMMENT '描述图',
  `status` tinyint(1) DEFAULT NULL COMMENT '状态:0禁用1启用',
  PRIMARY KEY (`id`) USING BTREE
) ENGINE=InnoDB AUTO_INCREMENT=17 DEFAULT CHARSET=utf8mb4 COLLATE=utf8mb4_general_ci ROW_FORMAT=DYNAMIC COMMENT='描述风格表';

-- ----------------------------
-- Records of preset_styles
-- ----------------------------
BEGIN;
INSERT INTO `preset_styles` (`id`, `name`, `description`, `previewImage`, `status`) VALUES (1, '简约商务', '`视觉描述：全局视觉语言应体现国际顶级咨询公司（如麦肯锡或波士顿咨询）的专业与稳重。整体风格追求极致的扁平化与秩序感，拒绝多余的装饰，强调信息的清晰传达。光照环境应为均匀的演播室漫射光，无明显的戏剧性阴影，确保画面干净透亮。\r\n  \r\n 配色与材质：背景色必须锁定为深沉、权威的“海军蓝”（Navy Blue, #0B1F3B），前景元素则使用纯白（ #FFFFFF）和微量的天蓝色（Sky Blue, #38BDF8）作为点缀；材质上避免复杂的纹理，采用哑光纸张质感或平滑的矢量色块。\r\n  \r\n  内容与排版：排版逻辑遵循严格的模块化网格系统。请生成清晰的几何分区，使用细线条或微弱的浅灰色色块（Light Gray, #E5E7EB）来划分内容区域。字体方面，应用粗壮有力的无衬线字体（如Helvetica或Roboto）作为标题，正文保持纤细清晰。图表元素应为扁平化的2D矢量图形，如简洁的柱状图或饼图，配色单一且克制。\r\n  \r\n  渲染要求：矢量插画风格，极高清晰度，无论是文字还是图形边缘都要锐利无锯齿，展现出严谨的商务美学，适合世界500强企业汇报场景。`', '/preset-previews/business-simple.webp', 1);
INSERT INTO `preset_styles` (`id`, `name`, `description`, `previewImage`, `status`) VALUES (2, '现代科技', '`视觉描述：全局视觉语言要融合赛博朋克与现代SaaS产品的未来感。整体氛围神秘、深邃且富有动感，仿佛置身于高科技的数据中心或虚拟空间。光照采用暗调环境下的自发光效果，模拟霓虹灯管和激光的辉光。\r\n  \r\n 配色与材质：背景色采用深邃的“午夜黑”（Midnight Black, #0B0F19），以衬托前景的亮度。主色调使用高饱和度的“电光蓝”（Electric Blue, #00A3FF）与“赛博紫”（Cyber Purple, #7C3AED）进行线性渐变，营造出流动的能量感。材质上大量运用半透明的玻璃、发光的网格线以及带有金属光泽的几何体。\r\n  \r\n  内容与排版：画面中应包含悬浮的3D几何元素（如立方体、四面体或芯片结构），这些元素应带有线框渲染（Wireframe）效果。排版布局倾向于不对称的动态平衡，使用具有科技感的等宽字体或现代无衬线体。背景中可以隐约添加电路板纹理、二进制代码流或点阵地图作为装饰，增加细节密度。\r\n  \r\n  渲染要求：Octane Render渲染风格，强调光线追踪、辉光（Bloom）效果和景深控制，呈现出精细的粒子特效和充满科技张力的视觉冲击力。`', '/preset-previews/tech-modern.webp', 1);
INSERT INTO `preset_styles` (`id`, `name`, `description`, `previewImage`, `status`) VALUES (3, '严谨学术', '`视觉描述：全局视觉语言应模仿高质量印刷出版物或经典论文的排版风格，传达理性、客观和知识的厚重感。整体氛围安静、克制，没有任何干扰视线的炫光或过度设计。画面必须铺满全屏，严禁出现书本装订线、纸张边缘、卷角、阴影或任何形式的边框。背景不应该呈现三维立体，而应该以二维平面方式呈现。\r\n  \r\n 配色与材质：背景色严格限制为“米白色”（Off-white, #F8F7F2），模拟高级道林纸的质感。前景色仅使用纯黑（#000000）、深炭灰（Charcoal, #1F2937）和作为强调色的深红（Deep Red, #7F1D1D）或深蓝（Deep Blue, #1E3A8A）（这种强调色占比不超过5%）。材质完全呈现为高质量的纸质印刷效果，具有细腻的纸张纹理。\r\n  \r\n  内容与排版：排版必须遵循经典的版式设计原则，拥有宽阔的页边距。请使用带有衬线的字体（类似Times New Roman或Garamond）来体现传统与正式。视觉元素主要由精细的黑色线条框（Black, #000000）、标准的学术表格样式和黑白线稿插图（Black, #000000 / White, #FFFFFF）组成。布局上采用左右分栏或上下结构的严谨对齐方式。\r\n  \r\n  渲染要求：超高分辨率扫描件风格，强调字体的灰度抗锯齿效果和线条的锐度，画面如同精装学术期刊的内页，展现出绝对的专业性与权威性。不应该存在任何形式的页面边框，比如黑色边框或者阴影边线。`', '/preset-previews/academic-formal.webp', 1);
INSERT INTO `preset_styles` (`id`, `name`, `description`, `previewImage`, `status`) VALUES (4, '活泼创意', '`视觉描述：全局视觉语言要像一个充满活力的初创公司Pitch Deck或儿童教育应用界面。整体氛围轻松、愉悦、充满想象力，打破常规的束缚。光照明亮且充满阳光感，色彩之间没有阴影，呈现彻底的扁平化。\r\n  \r\n 配色与材质：背景色使用高明度的“暖黄色”（Warm Yellow, #FFD54A）。配色方案极其大胆，混合使用鲜艳的“活力橙”（Vibrant Orange, #FF6A00）、“草绿”（Grass Green, #22C55E）和“天蓝”（Sky Blue, #38BDF8），形成孟菲斯（Memphis）风格的撞色效果。材质上模拟手绘涂鸦、剪纸或粗糙边缘的矢量插画。\r\n  \r\n  内容与排版：画面内容应包含手绘风格的插图元素，如涂鸦箭头、星星、波浪线和不规则的有机形状色块。排版上允许文字倾斜、重叠或跳跃，打破僵硬的网格。字体选用圆润可爱的圆体或手写体。请在角落放置一些拟人化的可爱物体或夸张的对话气泡。\r\n  \r\n  渲染要求：Dribbble热门插画风格，色彩鲜艳平涂，线条流畅且富有弹性，视觉上给人一种快乐、友好且极具亲和力的感觉。`', '/preset-previews/creative-fun.webp', 1);
INSERT INTO `preset_styles` (`id`, `name`, `description`, `previewImage`, `status`) VALUES (5, '极简清爽', '`视觉描述：全局视觉语言借鉴北欧设计（Scandinavian Design）和Kinfolk杂志的审美。整体氛围空灵、静谧，强调“少即是多”的哲学。光照采用极柔和的漫反射天光，阴影非常淡且边缘模糊，营造出空气感。\r\n  \r\n  配色与材质：背景色为极浅的“雾霾灰”（Haze Gray, #F5F5F7）。前景色仅使用中灰色（Mid Gray, #6B7280）和低饱和度的莫兰迪色系（如灰蓝（Morandi Gray Blue, #7A8FA6））作为微小的点缀。材质上体现细腻的哑光质感，偶尔出现一点点石膏（Plaster）的微纹理。\r\n  \r\n  内容与排版：构图的核心是“留白”（Negative Space），留白面积应占据画面的70%以上。排版极为克制，文字字号较小，行间距宽大，使用纤细优雅的非衬线字体。视觉锚点是简单的几何线条构成的图标，布局上追求绝对的平衡。\r\n  \r\n  渲染要求：极简主义摄影风格，高动态范围（HDR），画面极其干净，没有任何噪点，展现出一种画廊般的艺术陈列感。`', '/preset-previews/minimalist-clean.webp', 1);
INSERT INTO `preset_styles` (`id`, `name`, `description`, `previewImage`, `status`) VALUES (6, '高端奢华', '`视觉描述：全局视觉语言要融合高端腕表广告或五星级酒店的品牌形象。整体氛围神秘、高贵、独一无二。光照采用戏剧性的伦勃朗光或聚光灯效果，重点照亮关键元素，其余部分隐没在黑暗中。\r\n  \r\n  配色与材质：背景色严格锁定为深沉的“曜石黑”（Obsidian Black, #0B0B0F）。前景色主要由“香槟金”（Champagne Gold, #F7E7CE）构成。材质上必须体现昂贵的触感，核心组合为：背景呈现哑光黑天鹅绒质感，前景装饰呈现拉丝金属质感。\r\n  \r\n  内容与排版：排版采用经典的居中对齐或对称布局，强调仪式感。字体必须使用高雅的衬线体（Serif），字间距适当加宽以体现尊贵。画面中可以加入细致的金色边框线条、Art Deco风格的装饰纹样。如果有3D物体，应呈现出珠宝般的抛光质感。\r\n  \r\n  渲染要求：电影级写实渲染，强调材质的物理属性（PBR），特别是金属的高光反射和丝绒的漫反射细节，画面呈现出奢侈品广告大片的高级质感。`', '/preset-previews/luxury-premium.webp', 1);
INSERT INTO `preset_styles` (`id`, `name`, `description`, `previewImage`, `status`) VALUES (7, '自然清新', '`视觉描述：全局视觉语言旨在唤起人们对大自然、环保和健康生活的向往，类似全食超市（Whole Foods）或Aesop的品牌视觉。整体氛围治愈、透气、有机。光照模拟清晨穿过树叶的斑驳阳光（丁达尔效应），温暖而柔和。\r\n  \r\n  配色与材质：背景色采用柔和的“米色”（Beige, #EAD9C6）。配色方案取自自然界，重点使用森林绿（Forest Green, #14532D）和大地棕（Earth Brown, #7A4E2D）。材质上强调天然纹理，如再生纸的颗粒感和植物叶片的脉络。\r\n  \r\n  内容与排版：画面中应融合真实的自然元素，主要是伸展的绿植叶片，这些元素可以作为背景装饰或前景框架。排版使用圆润亲和的字体。布局上可以稍微松散，模仿自然生长的形态。阴影处理要柔和自然，避免生硬的黑色投影。\r\n  \r\n  渲染要求：微距摄影风格结合3D渲染，强调植物表面的透光感（Subsurface Scattering）和自然材质的细腻纹理，画面清新淡雅，令人心旷神怡。`', '/preset-previews/nature-fresh.webp', 1);
INSERT INTO `preset_styles` (`id`, `name`, `description`, `previewImage`, `status`) VALUES (8, '渐变活力', '`视觉描述：全局视觉语言对标现代科技独角兽公司（如Stripe或Linear）的官网视觉，呈现一种极光般的流动美感。整体氛围梦幻、通透且富有呼吸感，避免刺眼的撞色，强调色彩之间的优雅融合。\r\n\r\n  配色与材质：背景即前景，使用全屏的弥散渐变色。配色方案采用高雅且和谐的“全息色系”，以深邃的“宝石蓝”（Royal Blue, #2563EB）为基底，平滑过渡到“紫罗兰”（Violet, #7C3AED）和明亮的“洋红色”（Magenta, #DB2777）。颜色之间如水彩般晕染，没有生硬的边界。材质上锁定为“磨砂玻璃（Frosted Glass）”质感，让色彩看起来像是透过一层雾面屏透出来的，增加朦胧的高级感。插画使用有质感的半立体彩色设计。\r\n\r\n  内容与排版：画面核心是缓慢流动的有机波浪形状，形态柔和自然。排版上使用醒目的粗体无衬线字（Bold Sans-serif），文字颜色为纯白（#FFFFFF），以确保在多彩背景上的绝对清晰度。界面元素采用“玻璃拟态”（Glassmorphism），即高透明度的白色圆角卡片，带有细腻的白色描边和背景模糊效果。\r\n\r\n  渲染要求：C4D流体模拟渲染，强调“丝绸”般的顺滑光泽，配合轻微的噪点（Grain）增加质感，色彩饱满但不刺眼，展现出流光溢彩的现代数字美学。`', '/preset-previews/gradient-vibrant.webp', 1);
COMMIT;

-- ----------------------------
-- Table structure for projects
-- ----------------------------
DROP TABLE IF EXISTS `projects`;
CREATE TABLE `projects` (
  `id` varchar(255) CHARACTER SET utf8mb4 COLLATE utf8mb4_general_ci DEFAULT NULL,
  `idea_prompt` varchar(255) CHARACTER SET utf8mb4 COLLATE utf8mb4_general_ci DEFAULT NULL,
  `outline_text` varchar(255) CHARACTER SET utf8mb4 COLLATE utf8mb4_general_ci DEFAULT NULL,
  `description_text` varchar(255) CHARACTER SET utf8mb4 COLLATE utf8mb4_general_ci DEFAULT NULL,
  `extra_requirements` varchar(255) CHARACTER SET utf8mb4 COLLATE utf8mb4_general_ci DEFAULT NULL,
  `creation_type` varchar(255) CHARACTER SET utf8mb4 COLLATE utf8mb4_general_ci DEFAULT NULL,
  `template_image_path` varchar(255) CHARACTER SET utf8mb4 COLLATE utf8mb4_general_ci DEFAULT NULL,
  `status` varchar(255) CHARACTER SET utf8mb4 COLLATE utf8mb4_general_ci DEFAULT NULL,
  `created_at` datetime DEFAULT NULL,
  `updated_at` datetime DEFAULT NULL,
  `template_style` varchar(255) CHARACTER SET utf8mb4 COLLATE utf8mb4_general_ci DEFAULT NULL,
  `export_extractor_method` varchar(255) CHARACTER SET utf8mb4 COLLATE utf8mb4_general_ci DEFAULT NULL,
  `export_inpaint_method` varchar(255) CHARACTER SET utf8mb4 COLLATE utf8mb4_general_ci DEFAULT NULL,
  `user_id` int DEFAULT NULL,
  `render_mode` varchar(20) COLLATE utf8mb4_general_ci NOT NULL DEFAULT 'image',
  `scheme_id` varchar(255) CHARACTER SET utf8mb4 COLLATE utf8mb4_general_ci DEFAULT NULL
) ENGINE=InnoDB DEFAULT CHARSET=utf8mb4 COLLATE=utf8mb4_general_ci ROW_FORMAT=DYNAMIC;

-- ----------------------------
-- Records of projects
-- ----------------------------
BEGIN;
INSERT INTO `projects` (`id`, `idea_prompt`, `outline_text`, `description_text`, `extra_requirements`, `creation_type`, `template_image_path`, `status`, `created_at`, `updated_at`, `template_style`, `export_extractor_method`, `export_inpaint_method`, `user_id`, `render_mode`) VALUES ('ad84d2a7-76cd-487f-b9a5-96bd34134b02', '3D打印技术1', NULL, NULL, NULL, 'idea', NULL, 'COMPLETED', '2026-01-19 02:16:04', '2026-01-22 07:08:25', NULL, 'hybrid', 'hybrid', 1, 'image');
INSERT INTO `projects` (`id`, `idea_prompt`, `outline_text`, `description_text`, `extra_requirements`, `creation_type`, `template_image_path`, `status`, `created_at`, `updated_at`, `template_style`, `export_extractor_method`, `export_inpaint_method`, `user_id`, `render_mode`) VALUES ('f015d5f9-61e5-4e5a-ab5c-03f0d21b11c6', '汽车技术', NULL, NULL, NULL, 'idea', NULL, 'DRAFT', '2026-01-22 18:17:21', '2026-01-22 18:17:21', NULL, 'hybrid', 'hybrid', 2, 'image');
INSERT INTO `projects` (`id`, `idea_prompt`, `outline_text`, `description_text`, `extra_requirements`, `creation_type`, `template_image_path`, `status`, `created_at`, `updated_at`, `template_style`, `export_extractor_method`, `export_inpaint_method`, `user_id`, `render_mode`) VALUES ('917e6980-bad3-4eca-a6d6-2608703ee0ac', '3d建模讲解入门教程', NULL, NULL, NULL, 'idea', NULL, 'DRAFT', '2026-02-02 10:05:34', '2026-02-02 10:05:34', NULL, 'hybrid', 'hybrid', 1, 'image');
INSERT INTO `projects` (`id`, `idea_prompt`, `outline_text`, `description_text`, `extra_requirements`, `creation_type`, `template_image_path`, `status`, `created_at`, `updated_at`, `template_style`, `export_extractor_method`, `export_inpaint_method`, `user_id`, `render_mode`) VALUES ('e9efb5b7-7d2d-4e1e-8f58-b8ea2d52ee65', '3d建模讲解', NULL, NULL, NULL, 'idea', NULL, 'GENERATING_DESCRIPTIONS', '2026-02-02 11:02:22', '2026-02-02 03:04:01', NULL, 'hybrid', 'hybrid', 1, 'image');
INSERT INTO `projects` (`id`, `idea_prompt`, `outline_text`, `description_text`, `extra_requirements`, `creation_type`, `template_image_path`, `status`, `created_at`, `updated_at`, `template_style`, `export_extractor_method`, `export_inpaint_method`, `user_id`, `render_mode`) VALUES ('94c76730-2d75-4adf-b668-5ac2c11840b7', '3d建模讲解入门教程，17页', NULL, NULL, NULL, 'idea', NULL, 'GENERATING_DESCRIPTIONS', '2026-02-02 11:11:09', '2026-02-02 11:11:42', NULL, 'hybrid', 'hybrid', 1, 'image');
INSERT INTO `projects` (`id`, `idea_prompt`, `outline_text`, `description_text`, `extra_requirements`, `creation_type`, `template_image_path`, `status`, `created_at`, `updated_at`, `template_style`, `export_extractor_method`, `export_inpaint_method`, `user_id`, `render_mode`) VALUES ('7aea08e9-f4b7-4ae5-b7be-7c04115637bc', '生成一份3d建模讲解ppt，大概15页', NULL, NULL, NULL, 'idea', NULL, 'GENERATING_IMAGES', '2026-02-02 11:45:00', '2026-02-02 13:19:34', NULL, 'hybrid', 'hybrid', 1, 'html');
INSERT INTO `projects` (`id`, `idea_prompt`, `outline_text`, `description_text`, `extra_requirements`, `creation_type`, `template_image_path`, `status`, `created_at`, `updated_at`, `template_style`, `export_extractor_method`, `export_inpaint_method`, `user_id`, `render_mode`) VALUES ('6d0119d3-3549-44b6-a953-388d881cc817', '生成讲解c语言入门教程的ppt，大概15页左右，要求包含实训', NULL, NULL, NULL, 'idea', NULL, 'DESCRIPTIONS_GENERATED', '2026-02-02 13:49:24', '2026-02-02 13:52:54', NULL, 'hybrid', 'hybrid', 1, 'html');
INSERT INTO `projects` (`id`, `idea_prompt`, `outline_text`, `description_text`, `extra_requirements`, `creation_type`, `template_image_path`, `status`, `created_at`, `updated_at`, `template_style`, `export_extractor_method`, `export_inpaint_method`, `user_id`, `render_mode`) VALUES ('0da568a3-0754-4b90-9d37-17429a5c996b', 'c语言教学入门，含实训', NULL, NULL, NULL, 'idea', NULL, 'DESCRIPTIONS_GENERATED', '2026-02-02 14:03:03', '2026-02-02 14:03:38', NULL, 'hybrid', 'hybrid', 1, 'html');
COMMIT;

-- ----------------------------
-- Table structure for reference_files
-- ----------------------------
DROP TABLE IF EXISTS `reference_files`;
CREATE TABLE `reference_files` (
  `id` varchar(255) CHARACTER SET utf8mb4 COLLATE utf8mb4_general_ci DEFAULT NULL,
  `project_id` varchar(255) CHARACTER SET utf8mb4 COLLATE utf8mb4_general_ci DEFAULT NULL,
  `filename` varchar(255) CHARACTER SET utf8mb4 COLLATE utf8mb4_general_ci DEFAULT NULL,
  `file_path` varchar(255) CHARACTER SET utf8mb4 COLLATE utf8mb4_general_ci DEFAULT NULL,
  `file_size` varchar(255) CHARACTER SET utf8mb4 COLLATE utf8mb4_general_ci DEFAULT NULL,
  `file_type` varchar(255) CHARACTER SET utf8mb4 COLLATE utf8mb4_general_ci DEFAULT NULL,
  `parse_status` varchar(255) CHARACTER SET utf8mb4 COLLATE utf8mb4_general_ci DEFAULT NULL,
  `markdown_content` text CHARACTER SET utf8mb4 COLLATE utf8mb4_general_ci DEFAULT NULL,
  `error_message` varchar(255) CHARACTER SET utf8mb4 COLLATE utf8mb4_general_ci DEFAULT NULL,
  `mineru_batch_id` varchar(255) CHARACTER SET utf8mb4 COLLATE utf8mb4_general_ci DEFAULT NULL,
  `created_at` varchar(255) CHARACTER SET utf8mb4 COLLATE utf8mb4_general_ci DEFAULT NULL,
  `updated_at` varchar(255) CHARACTER SET utf8mb4 COLLATE utf8mb4_general_ci DEFAULT NULL
) ENGINE=InnoDB DEFAULT CHARSET=utf8mb4 COLLATE=utf8mb4_general_ci ROW_FORMAT=DYNAMIC;

-- ----------------------------
-- Records of reference_files
-- ----------------------------
BEGIN;
COMMIT;

-- ----------------------------
-- Table structure for settings
-- ----------------------------
DROP TABLE IF EXISTS `settings`;
CREATE TABLE `settings` (
  `id` varchar(255) CHARACTER SET utf8mb4 COLLATE utf8mb4_general_ci DEFAULT NULL,
  `ai_provider_format` varchar(255) CHARACTER SET utf8mb4 COLLATE utf8mb4_general_ci DEFAULT NULL,
  `api_base_url` varchar(255) CHARACTER SET utf8mb4 COLLATE utf8mb4_general_ci DEFAULT NULL,
  `api_key` varchar(255) CHARACTER SET utf8mb4 COLLATE utf8mb4_general_ci DEFAULT NULL,
  `image_resolution` varchar(255) CHARACTER SET utf8mb4 COLLATE utf8mb4_general_ci DEFAULT NULL,
  `image_aspect_ratio` varchar(255) CHARACTER SET utf8mb4 COLLATE utf8mb4_general_ci DEFAULT NULL,
  `max_description_workers` varchar(255) CHARACTER SET utf8mb4 COLLATE utf8mb4_general_ci DEFAULT NULL,
  `max_image_workers` varchar(255) CHARACTER SET utf8mb4 COLLATE utf8mb4_general_ci DEFAULT NULL,
  `created_at` varchar(255) CHARACTER SET utf8mb4 COLLATE utf8mb4_general_ci DEFAULT NULL,
  `updated_at` varchar(255) CHARACTER SET utf8mb4 COLLATE utf8mb4_general_ci DEFAULT NULL,
  `text_model` varchar(255) CHARACTER SET utf8mb4 COLLATE utf8mb4_general_ci DEFAULT NULL,
  `image_model` varchar(255) CHARACTER SET utf8mb4 COLLATE utf8mb4_general_ci DEFAULT NULL,
  `mineru_api_base` varchar(255) CHARACTER SET utf8mb4 COLLATE utf8mb4_general_ci DEFAULT NULL,
  `image_caption_model` varchar(255) CHARACTER SET utf8mb4 COLLATE utf8mb4_general_ci DEFAULT NULL,
  `mineru_token` varchar(500) CHARACTER SET utf8mb4 COLLATE utf8mb4_general_ci DEFAULT NULL,
  `output_language` varchar(255) CHARACTER SET utf8mb4 COLLATE utf8mb4_general_ci DEFAULT NULL
) ENGINE=InnoDB DEFAULT CHARSET=utf8mb4 COLLATE=utf8mb4_general_ci ROW_FORMAT=DYNAMIC;

-- ----------------------------
-- Records of settings
-- ----------------------------
BEGIN;
INSERT INTO `settings` (`id`, `ai_provider_format`, `api_base_url`, `api_key`, `image_resolution`, `image_aspect_ratio`, `max_description_workers`, `max_image_workers`, `created_at`, `updated_at`, `text_model`, `image_model`, `mineru_api_base`, `image_caption_model`, `mineru_token`, `output_language`) VALUES ('1', 'openai', 'https://dashscope.aliyuncs.com/compatible-mode/v1', 'sk-a46b0b320c0f47b2a0a41a70031ea32b', '1K', '16:9', '6', '8', '2026-01-16 07:42:43.617740', '2026-02-02 02:20:28.166289', 'qwen-plus', 'wanx-v1', 'https://mineru.net', 'gpt-4o-image', 'eyJ0eXBlIjoiSldUIiwiYWxnIjoiSFM1MTIifQ.eyJqdGkiOiI0ODkwMDAwNSIsInJvbCI6IlJPTEVfUkVHSVNURVIiLCJpc3MiOiJPcGVuWExhYiIsImlhdCI6MTc2NzU5MjM3NCwiY2xpZW50SWQiOiJsa3pkeDU3bnZ5MjJqa3BxOXgydyIsInBob25lIjoiMTk5MjQyMjYyNTgiLCJvcGVuSWQiOm51bGwsInV1aWQiOiJiNDJkYmE3Yy1kZGY0LTRkMGUtYTY0OS0yMjg2MjMwNjY0Y2EiLCJlbWFpbCI6IiIsImV4cCI6MTc2ODgwMTk3NH0.oDW3w29YeiLLyL6x5JDKo2ZmZf5VRvcH4BpNG-mKR-Jyp6AxuGiLtiDohlD6WYLwJb7fyE5X1bgbZQ75ZwDthw', 'zh');
COMMIT;

-- ----------------------------
-- Table structure for tasks
-- ----------------------------
DROP TABLE IF EXISTS `tasks`;
CREATE TABLE `tasks` (
  `id` varchar(255) CHARACTER SET utf8mb4 COLLATE utf8mb4_general_ci DEFAULT NULL,
  `project_id` varchar(255) CHARACTER SET utf8mb4 COLLATE utf8mb4_general_ci DEFAULT NULL,
  `task_type` varchar(255) CHARACTER SET utf8mb4 COLLATE utf8mb4_general_ci DEFAULT NULL,
  `status` varchar(255) CHARACTER SET utf8mb4 COLLATE utf8mb4_general_ci DEFAULT NULL,
  `progress` varchar(255) CHARACTER SET utf8mb4 COLLATE utf8mb4_general_ci DEFAULT NULL,
  `error_message` varchar(255) CHARACTER SET utf8mb4 COLLATE utf8mb4_general_ci DEFAULT NULL,
  `created_at` varchar(255) CHARACTER SET utf8mb4 COLLATE utf8mb4_general_ci DEFAULT NULL,
  `completed_at` varchar(255) CHARACTER SET utf8mb4 COLLATE utf8mb4_general_ci DEFAULT NULL
) ENGINE=InnoDB DEFAULT CHARSET=utf8mb4 COLLATE=utf8mb4_general_ci ROW_FORMAT=DYNAMIC;

-- ----------------------------
-- Records of tasks
-- ----------------------------
BEGIN;
INSERT INTO `tasks` (`id`, `project_id`, `task_type`, `status`, `progress`, `error_message`, `created_at`, `completed_at`) VALUES ('97ea4bba-55cd-4e01-a7ae-1acdef384c31', 'global', 'GENERATE_MATERIAL', 'COMPLETED', '{\"total\": 1, \"completed\": 1, \"failed\": 0, \"material_id\": null, \"image_url\": \"/files/materials/material_1769131926249.png\"}', NULL, '2026-01-23 01:31:02.843760', '2026-01-23 01:32:06.396249');
INSERT INTO `tasks` (`id`, `project_id`, `task_type`, `status`, `progress`, `error_message`, `created_at`, `completed_at`) VALUES ('4ff3f21c-c3eb-4841-b41e-4e88319147b5', 'global', 'GENERATE_MATERIAL', 'PENDING', '{\"total\": 1, \"completed\": 0, \"failed\": 0}', NULL, '2026-01-23 01:51:59.254999', NULL);
INSERT INTO `tasks` (`id`, `project_id`, `task_type`, `status`, `progress`, `error_message`, `created_at`, `completed_at`) VALUES ('779bcff2-05c5-49f6-b849-0ef0c1133613', 'global', 'GENERATE_MATERIAL', 'PENDING', '{\"total\": 1, \"completed\": 0, \"failed\": 0}', NULL, '2026-01-23 02:00:57.716369', NULL);
INSERT INTO `tasks` (`id`, `project_id`, `task_type`, `status`, `progress`, `error_message`, `created_at`, `completed_at`) VALUES ('93fdf75c-39fb-4d36-8a8b-a4156b7f0cac', 'f015d5f9-61e5-4e5a-ab5c-03f0d21b11c6', 'GENERATE_MATERIAL', 'COMPLETED', '{\"total\": 1, \"completed\": 1, \"failed\": 0, \"material_id\": null, \"image_url\": \"/files/f015d5f9-61e5-4e5a-ab5c-03f0d21b11c6/materials/material_1769134147266.png\"}', NULL, '2026-01-23 02:07:57.452672', '2026-01-23 02:09:07.488668');
INSERT INTO `tasks` (`id`, `project_id`, `task_type`, `status`, `progress`, `error_message`, `created_at`, `completed_at`) VALUES ('5406465e-5c7a-406e-b08b-a59f10c96a03', 'global', 'GENERATE_MATERIAL', 'PENDING', '{\"total\": 1, \"completed\": 0, \"failed\": 0}', NULL, '2026-01-23 02:09:38.698716', NULL);
INSERT INTO `tasks` (`id`, `project_id`, `task_type`, `status`, `progress`, `error_message`, `created_at`, `completed_at`) VALUES ('17c5bee5-eaff-4541-a0a9-7fb2036269dc', 'e9efb5b7-7d2d-4e1e-8f58-b8ea2d52ee65', 'GENERATE_DESCRIPTIONS', 'FAILED', '{\"total\": 8, \"completed\": 0, \"failed\": 0}', '\'<=\' not supported between instances of \'str\' and \'int\'', '2026-02-02 03:02:50.032852', '2026-02-02 11:02:50.057397');
INSERT INTO `tasks` (`id`, `project_id`, `task_type`, `status`, `progress`, `error_message`, `created_at`, `completed_at`) VALUES ('1d6318fc-8066-419a-a036-6d57e8776898', '94c76730-2d75-4adf-b668-5ac2c11840b7', 'GENERATE_DESCRIPTIONS', 'FAILED', '{\"total\": 20, \"completed\": 0, \"failed\": 0}', '\'<=\' not supported between instances of \'str\' and \'int\'', '2026-02-02 03:11:42.060341', '2026-02-02 11:11:42.083529');
INSERT INTO `tasks` (`id`, `project_id`, `task_type`, `status`, `progress`, `error_message`, `created_at`, `completed_at`) VALUES ('228079fc-9c6c-453e-9360-ce83f20edba3', '7aea08e9-f4b7-4ae5-b7be-7c04115637bc', 'GENERATE_DESCRIPTIONS', 'FAILED', '{\"total\": 19, \"completed\": 0, \"failed\": 0}', '\'<=\' not supported between instances of \'str\' and \'int\'', '2026-02-02 03:45:45.137107', '2026-02-02 11:45:45.157323');
INSERT INTO `tasks` (`id`, `project_id`, `task_type`, `status`, `progress`, `error_message`, `created_at`, `completed_at`) VALUES ('0cb11016-921a-4d51-95de-7523d8ae682a', '7aea08e9-f4b7-4ae5-b7be-7c04115637bc', 'GENERATE_DESCRIPTIONS', 'FAILED', '{\"total\": 19, \"completed\": 0, \"failed\": 0}', '\'<=\' not supported between instances of \'str\' and \'int\'', '2026-02-02 03:58:43.678423', '2026-02-02 11:58:43.816998');
INSERT INTO `tasks` (`id`, `project_id`, `task_type`, `status`, `progress`, `error_message`, `created_at`, `completed_at`) VALUES ('2ac9516f-c304-48ff-9982-39a7588c96cb', '7aea08e9-f4b7-4ae5-b7be-7c04115637bc', 'GENERATE_DESCRIPTIONS', 'COMPLETED', '{\"total\": 19, \"completed\": 19, \"failed\": 0}', NULL, '2026-02-02 04:13:05.557628', '2026-02-02 12:13:16.195416');
INSERT INTO `tasks` (`id`, `project_id`, `task_type`, `status`, `progress`, `error_message`, `created_at`, `completed_at`) VALUES ('1b817a4e-3cef-4e96-acab-0d14eb0d1c96', '7aea08e9-f4b7-4ae5-b7be-7c04115637bc', 'GENERATE_IMAGES', 'COMPLETED', '{\"total\": 19, \"completed\": 0, \"failed\": 19}', NULL, '2026-02-02 05:19:33.514294', '2026-02-02 13:19:34.194371');
INSERT INTO `tasks` (`id`, `project_id`, `task_type`, `status`, `progress`, `error_message`, `created_at`, `completed_at`) VALUES ('77fdd26a-fd24-4af5-87a6-3d6c4d3434c9', '6d0119d3-3549-44b6-a953-388d881cc817', 'GENERATE_DESCRIPTIONS', 'COMPLETED', '{\"total\": 21, \"completed\": 21, \"failed\": 0}', NULL, '2026-02-02 05:52:32.105378', '2026-02-02 13:52:53.976191');
INSERT INTO `tasks` (`id`, `project_id`, `task_type`, `status`, `progress`, `error_message`, `created_at`, `completed_at`) VALUES ('82828e06-e873-4f82-9af6-fc20e8707983', '0da568a3-0754-4b90-9d37-17429a5c996b', 'GENERATE_DESCRIPTIONS', 'COMPLETED', '{\"total\": 10, \"completed\": 10, \"failed\": 0}', NULL, '2026-02-02 06:03:27.681820', '2026-02-02 14:03:38.480050');
COMMIT;

-- ----------------------------
-- Table structure for templates
-- ----------------------------
DROP TABLE IF EXISTS `templates`;
CREATE TABLE `templates` (
  `id` int unsigned NOT NULL AUTO_INCREMENT,
  `name` varchar(255) CHARACTER SET utf8mb4 COLLATE utf8mb4_general_ci DEFAULT NULL COMMENT '模版名称',
  `preview` varchar(255) CHARACTER SET utf8mb4 COLLATE utf8mb4_general_ci DEFAULT NULL COMMENT '模版上传路径',
  `status` tinyint(1) DEFAULT '1' COMMENT '状态:0禁用1启用',
  PRIMARY KEY (`id`) USING BTREE
) ENGINE=InnoDB AUTO_INCREMENT=15 DEFAULT CHARSET=utf8mb4 COLLATE=utf8mb4_general_ci ROW_FORMAT=DYNAMIC COMMENT='系统模版表';

-- ----------------------------
-- Records of templates
-- ----------------------------
BEGIN;
INSERT INTO `templates` (`id`, `name`, `preview`, `status`) VALUES (1, '复古卷轴', '/templates/template_y.png', 1);
INSERT INTO `templates` (`id`, `name`, `preview`, `status`) VALUES (2, '矢量插画', '/templates/template_vector_illustration.png', 1);
INSERT INTO `templates` (`id`, `name`, `preview`, `status`) VALUES (3, '拟物玻璃', '/templates/template_glass.png', 1);
INSERT INTO `templates` (`id`, `name`, `preview`, `status`) VALUES (4, '科技蓝', '/templates/template_b.png', 1);
INSERT INTO `templates` (`id`, `name`, `preview`, `status`) VALUES (5, '简约商务', '/templates/template_s.png', 1);
INSERT INTO `templates` (`id`, `name`, `preview`, `status`) VALUES (6, '学术报告', '/templates/template_academic.jpg', 1);
INSERT INTO `templates` (`id`, `name`, `preview`, `status`) VALUES (7, '复古卷轴', '/templates/template_y.png', 1);
INSERT INTO `templates` (`id`, `name`, `preview`, `status`) VALUES (8, '矢量插画', '/templates/template_vector_illustration.png', 1);
INSERT INTO `templates` (`id`, `name`, `preview`, `status`) VALUES (9, '拟物玻璃', '/templates/template_glass.png', 1);
INSERT INTO `templates` (`id`, `name`, `preview`, `status`) VALUES (10, '科技蓝', '/templates/template_b.png', 1);
INSERT INTO `templates` (`id`, `name`, `preview`, `status`) VALUES (11, '简约商务', '/templates/template_s.png', 1);
INSERT INTO `templates` (`id`, `name`, `preview`, `status`) VALUES (14, '测试', 'http://jxfile.gstudying.com/uploadfiles2/client/2026-01/26/20260126113907_15789.png', 1);
COMMIT;

-- ----------------------------
-- Table structure for user_templates
-- ----------------------------
DROP TABLE IF EXISTS `user_templates`;
CREATE TABLE `user_templates` (
  `id` varchar(255) CHARACTER SET utf8mb4 COLLATE utf8mb4_general_ci DEFAULT NULL,
  `name` varchar(255) CHARACTER SET utf8mb4 COLLATE utf8mb4_general_ci DEFAULT NULL,
  `file_path` varchar(255) CHARACTER SET utf8mb4 COLLATE utf8mb4_general_ci DEFAULT NULL,
  `file_size` varchar(255) CHARACTER SET utf8mb4 COLLATE utf8mb4_general_ci DEFAULT NULL,
  `created_at` datetime DEFAULT NULL,
  `updated_at` datetime DEFAULT NULL,
  `user_id` int DEFAULT NULL COMMENT '用户id'
) ENGINE=InnoDB DEFAULT CHARSET=utf8mb4 COLLATE=utf8mb4_general_ci ROW_FORMAT=DYNAMIC;

-- ----------------------------
-- Records of user_templates
-- ----------------------------
BEGIN;
INSERT INTO `user_templates` (`id`, `name`, `file_path`, `file_size`, `created_at`, `updated_at`, `user_id`) VALUES ('a4b1287a-d668-4954-b36e-607afd8757b5', NULL, 'user-templates/a32d0b86-1833-49c1-b0b0-e5a948ffb8b5/template.png', '138932', '2026-01-22 18:04:05', '2026-01-22 18:04:05', 1);
INSERT INTO `user_templates` (`id`, `name`, `file_path`, `file_size`, `created_at`, `updated_at`, `user_id`) VALUES ('a32d0b86-1833-49c1-b0b0-e5a948ffb8b5', NULL, 'user-templates/a32d0b86-1833-49c1-b0b0-e5a948ffb8b5/template.png', '138932', '2026-01-23 09:20:18', '2026-01-23 09:20:18', 2);
INSERT INTO `user_templates` (`id`, `name`, `file_path`, `file_size`, `created_at`, `updated_at`, `user_id`) VALUES ('174d82ac-0c5d-4a34-877c-9e969da2584f', NULL, 'user-templates/174d82ac-0c5d-4a34-877c-9e969da2584f/template.png', '138932', '2026-01-23 14:18:57', '2026-01-23 14:18:57', 1);
INSERT INTO `user_templates` (`id`, `name`, `file_path`, `file_size`, `created_at`, `updated_at`, `user_id`) VALUES ('26f8d459-b0eb-4fe4-bc7c-4c1637fa1840', NULL, 'user-templates/26f8d459-b0eb-4fe4-bc7c-4c1637fa1840/template.png', '138932', '2026-01-23 14:45:41', '2026-01-23 14:45:41', 3);
COMMIT;

SET FOREIGN_KEY_CHECKS = 1;
